的,1,7922684
一,2,3050722
是,3,2615490
不,4,2237915
了,5,2128528
在,6,2009181
人,7,1867999
有,8,1782004
我,9,1690048
他,10,1595761
这,11,1552042
个,12,1199580
们,13,1169853
中,14,1104541
来,15,1079469
上,16,1069575
大,17,1054064
为,18,1039036
和,19,1010465
国,20,985350
地,21,969349
到,22,965035
以,23,910627
说,24,874977
时,25,833532
要,26,811011
就,27,771108
出,28,755256
会,29,734888
可,30,723108
也,31,710259
你,32,705205
对,33,703632
生,34,682031
能,35,665358
而,36,649239
子,37,640640
那,38,638538
得,39,630688
于,40,630524
着,41,626326
下,42,621185
自,43,611687
之,44,609003
年,45,601887
过,46,589925
发,47,572904
后,48,570764
作,49,542791
里,50,537795
用,51,535480
道,52,534695
行,53,531848
所,54,523028
然,55,511026
家,56,509790
种,57,503344
事,58,499172
成,59,499007
方,60,492763
多,61,481689
经,62,481338
么,63,477969
去,64,476270
法,65,466816
学,66,464261
如,67,449036
都,68,439568
同,69,437611
现,70,433960
当,71,429274
没,72,428146
动,73,426839
面,74,425180
起,75,424933
看,76,424616
定,77,422538
天,78,419884
分,79,419382
还,80,415855
进,81,412166
好,82,411866
小,83,410987
部,84,403066
其,85,403028
些,86,400528
主,87,399693
样,88,398149
理,89,398087
心,90,392228
她,91,388612
本,92,388118
前,93,381431
开,94,377012
但,95,374459
因,96,371612
只,97,370059
从,98,369958
想,99,368819
实,100,368494
日,101,363763
军,102,362526
者,103,360974
意,104,360232
无,105,359265
力,106,359136
它,107,346173
与,108,345532
长,109,342148
把,110,340730
机,111,339823
十,112,338954
民,113,335796
第,114,325780
公,115,318626
此,116,318534
已,117,318143
工,118,317532
使,119,316273
情,120,312900
明,121,309873
性,122,309844
知,123,306384
全,124,305248
三,125,304272
又,126,302933
关,127,302473
点,128,300800
正,129,296810
业,130,296169
外,131,295645
将,132,295586
两,133,294600
高,134,293542
间,135,292227
由,136,292199
问,137,288237
很,138,284252
最,139,283689
重,140,282843
并,141,281616
物,142,281146
手,143,280442
应,144,280384
战,145,278776
向,146,276986
头,147,274911
文,148,274222
体,149,273792
政,150,269878
美,151,269452
相,152,269125
见,153,269080
被,154,268905
利,155,268813
什,156,267869
二,157,267506
等,158,266296
产,159,265164
或,160,260786
新,161,253921
己,162,250894
制,163,250754
身,164,249725
果,165,246831
加,166,243648
西,167,243619
斯,168,240900
月,169,240566
话,170,240067
合,171,239277
回,172,239243
特,173,239091
代,174,231734
内,175,231331
信,176,230248
表,177,226768
化,178,224729
老,179,223050
给,180,217815
世,181,214990
位,182,214983
次,183,214857
度,184,214376
门,185,212769
任,186,212485
常,187,212309
先,188,210628
海,189,209302
通,190,209046
教,191,208875
儿,192,207827
原,193,207579
东,194,206238
声,195,206083
提,196,205159
立,197,204985
及,198,202671
比,199,200645
员,200,200217
解,201,200090
水,202,198933
名,203,198481
真,204,198416
论,205,197165
处,206,194237
走,207,193619
义,208,193507
各,209,193435
入,210,192433
几,211,192355
口,212,191936
认,213,191866
条,214,191280
平,215,191267
系,216,190769
气,217,190687
题,218,189921
活,219,189876
尔,220,189785
更,221,187378
别,222,186634
打,223,186146
女,224,185188
变,225,185121
四,226,184874
神,227,184554
总,228,184470
何,229,184335
电,230,183834
数,231,183312
安,232,183210
少,233,183018
报,234,182411
才,235,181725
结,236,181674
反,237,181385
受,238,180928
目,239,180827
太,240,180490
量,241,180008
再,242,179607
感,243,178383
建,244,178289
务,245,176085
做,246,175580
接,247,175473
必,248,174963
场,249,173632
件,250,172895
计,251,171949
管,252,170746
期,253,169806
市,254,169522
直,255,169439
德,256,168917
资,257,168890
命,258,168358
山,259,168142
金,260,167912
指,261,166865
克,262,166044
许,263,166034
统,264,165820
区,265,164775
保,266,164424
至,267,163582
队,268,162938
形,269,162049
社,270,159527
便,271,159479
空,272,158539
决,273,157959
治,274,156904
展,275,156759
马,276,155772
科,277,155750
司,278,155229
五,279,154316
基,280,153462
眼,281,152079
书,282,151357
非,283,149915
则,284,149042
听,285,148988
白,286,148728
却,287,148679
界,288,148438
达,289,147907
光,290,147639
放,291,147600
强,292,146665
即,293,146459
像,294,145291
且,295,144597
难,296,144597
权,297,144506
思,298,144503
王,299,143948
象,300,143453
完,301,143120
设,302,142742
式,303,142292
色,304,142231
路,305,141812
记,306,139501
南,307,139078
品,308,138528
住,309,138503
告,310,138285
类,311,138280
求,312,138216
据,313,137990
程,314,136962
北,315,136939
边,316,136277
死,317,136194
张,318,136087
该,319,136053
交,320,135727
规,321,134528
万,322,134220
取,323,134102
拉,324,134051
格,325,133986
望,326,133145
觉,327,132041
术,328,131634
领,329,130993
共,330,128824
确,331,128417
传,332,128186
师,333,128086
观,334,127796
清,335,127716
今,336,126624
切,337,126391
院,338,126115
让,339,125660
识,340,125220
候,341,124865
带,342,124619
导,343,124463
争,344,124420
运,345,123903
笑,346,122902
飞,347,122290
风,348,121803
步,349,121267
改,350,121023
收,351,120897
根,352,120778
干,353,120564
造,354,120496
言,355,120308
联,356,120301
持,357,119990
组,358,119734
每,359,119594
济,360,119161
车,361,118824
亲,362,118451
极,363,117736
林,364,117675
服,365,116961
快,366,116923
办,367,116904
议,368,116810
往,369,116539
元,370,116488
英,371,116193
士,372,115704
证,373,115610
近,374,115441
失,375,115346
转,376,115087
夫,377,114784
令,378,114570
准,379,113877
布,380,113652
始,381,112987
怎,382,112294
呢,383,112185
存,384,110970
未,385,110491
远,386,110455
叫,387,110131
台,388,109362
单,389,109359
影,390,108862
具,391,108811
罗,392,108376
字,393,108218
爱,394,108167
击,395,107513
流,396,107397
备,397,107114
兵,398,106982
连,399,106814
调,400,106379
深,401,105924
商,402,105406
算,403,105293
质,404,104560
团,405,104151
集,406,104019
百,407,103938
需,408,103832
价,409,103634
花,410,103367
党,411,103165
华,412,103158
城,413,102833
石,414,102149
级,415,102018
整,416,100910
府,417,100771
离,418,100744
况,419,100680
亚,420,100251
请,421,100226
技,422,99790
际,423,99412
约,424,99148
示,425,98963
复,426,98822
病,427,98692
息,428,98447
究,429,98377
线,430,98261
似,431,98057
官,432,97897
火,433,97760
断,434,97235
精,435,97135
满,436,96954
支,437,96814
视,438,96326
消,439,96263
越,440,95657
器,441,95444
容,442,95407
照,443,95020
须,444,94903
九,445,94580
增,446,93869
研,447,93761
写,448,93710
称,449,93638
企,450,93453
八,451,92700
功,452,92052
吗,453,91639
包,454,91240
片,455,90559
史,456,90469
委,457,90263
乎,458,90127
查,459,90039
轻,460,89852
易,461,89730
早,462,89623
曾,463,89328
除,464,89272
农,465,88412
找,466,88247
装,467,88143
广,468,87900
显,469,87825
吧,470,87536
阿,471,87159
李,472,86593
标,473,86324
谈,474,86089
吃,475,85976
图,476,85957
念,477,85953
六,478,85830
引,479,85740
历,480,85487
首,481,85036
医,482,84620
局,483,84587
突,484,84474
专,485,84361
费,486,84359
号,487,84335
尽,488,84270
另,489,83702
周,490,83366
较,491,82870
注,492,82869
语,493,82805
仅,494,82729
考,495,82688
落,496,82641
青,497,82619
随,498,82599
选,499,82498
列,500,82418
武,501,81863
红,502,81852
响,503,81702
虽,504,81097
推,505,80933
势,506,80705
参,507,80663
希,508,80460
古,509,80454
众,510,80390
构,511,80364
房,512,80320
半,513,80183
节,514,80074
土,515,79809
投,516,79708
某,517,79482
案,518,79395
黑,519,78896
维,520,78877
革,521,78685
划,522,78648
敌,523,78620
致,524,78238
陈,525,77914
律,526,77818
足,527,77385
态,528,77219
护,529,76993
七,530,76766
兴,531,76760
派,532,76750
孩,533,76620
验,534,76542
责,535,76377
营,536,76372
星,537,76320
够,538,76181
章,539,76098
音,540,76043
跟,541,75958
志,542,75904
底,543,75728
站,544,75402
严,545,75278
巴,546,74917
例,547,74579
防,548,74459
族,549,74174
供,550,74168
效,551,74009
续,552,73927
施,553,73861
留,554,73287
讲,555,73220
型,556,73216
料,557,72778
终,558,72533
答,559,72421
紧,560,72300
黄,561,72199
绝,562,72074
奇,563,71919
察,564,71894
母,565,71462
京,566,71245
段,567,71172
依,568,70632
批,569,70580
群,570,70459
项,571,70453
故,572,70067
按,573,69984
河,574,69687
米,575,69668
围,576,69641
江,577,69602
织,578,69482
害,579,69462
斗,580,69456
双,581,69440
境,582,69360
客,583,69108
纪,584,69045
采,585,68946
举,586,68924
杀,587,68776
攻,588,68747
父,589,68576
苏,590,68487
密,591,68475
低,592,68424
朝,593,68380
友,594,68196
诉,595,68147
止,596,68082
愿,597,67915
细,598,67915
千,599,67843
值,600,67732
仍,601,67490
男,602,67405
钱,603,67304
破,604,67268
网,605,67118
热,606,67051
助,607,66867
倒,608,66634
育,609,66551
属,610,66374
坐,611,66293
帝,612,66035
限,613,66018
船,614,65883
脸,615,65727
职,616,65272
速,617,65094
刻,618,65015
乐,619,64965
否,620,64772
刚,621,64622
威,622,64559
毛,623,64522
状,624,64495
率,625,64453
甚,626,64438
独,627,64201
球,628,63913
般,629,63739
普,630,63570
怕,631,63520
弹,632,63417
校,633,63200
苦,634,63194
创,635,63156
假,636,62691
久,637,62588
错,638,62401
承,639,62285
印,640,62179
晚,641,62142
兰,642,61951
试,643,61912
股,644,61861
拿,645,61798
脑,646,61647
预,647,61534
谁,648,61528
益,649,60896
阳,650,60867
若,651,60736
哪,652,60708
微,653,60484
尼,654,60474
继,655,60428
送,656,60182
急,657,60141
血,658,59944
惊,659,59724
伤,660,59632
素,661,59100
药,662,59090
适,663,58927
波,664,58859
夜,665,58839
省,666,58642
初,667,58587
喜,668,58449
卫,669,58408
源,670,58145
食,671,58110
险,672,58047
待,673,57757
述,674,57744
陆,675,57430
习,676,57329
置,677,57255
居,678,56307
劳,679,56119
财,680,56037
环,681,55971
排,682,55938
福,683,55871
纳,684,55597
欢,685,55294
雷,686,55226
警,687,55189
获,688,55064
模,689,54891
充,690,54812
负,691,54616
云,692,54510
停,693,54453
木,694,54433
游,695,54262
龙,696,54169
树,697,54037
疑,698,53982
层,699,53705
冷,700,53460
洲,701,53429
冲,702,53378
射,703,53184
略,704,53068
竟,705,53033
范,706,53033
句,707,52891
室,708,52846
异,709,52735
激,710,52723
汉,711,52656
村,712,52603
哈,713,52475
策,714,52394
演,715,52394
简,716,52280
卡,717,52244
罪,718,52068
判,719,52045
担,720,51792
州,721,51533
静,722,51401
退,723,51272
既,724,51208
衣,725,51134
您,726,51094
宗,727,50799
积,728,50720
余,729,50601
痛,730,50459
检,731,50413
差,732,50349
富,733,50273
灵,734,50134
协,735,50123
角,736,50081
占,737,49980
配,738,49900
征,739,49855
修,740,49829
皮,741,49803
挥,742,49702
胜,743,49565
降,744,49306
阶,745,49058
审,746,48862
沉,747,48772
坚,748,48749
善,749,48739
妈,750,48622
刘,751,48600
读,752,48304
啊,753,48244
超,754,48218
免,755,48044
压,756,48038
银,757,47955
买,758,47788
皇,759,47750
养,760,47702
伊,761,47619
怀,762,47561
执,763,47543
副,764,47520
乱,765,47474
抗,766,47342
犯,767,47098
追,768,47079
帮,769,47065
宣,770,47041
佛,771,47038
岁,772,46835
航,773,46789
优,774,46613
怪,775,46600
香,776,46525
著,777,46239
田,778,45886
铁,779,45798
控,780,45664
税,781,45615
左,782,45568
右,783,45561
份,784,45408
穿,785,45314
艺,786,45218
背,787,45181
阵,788,44899
草,789,44612
脚,790,44529
概,791,44501
恶,792,44493
块,793,44475
顿,794,44425
敢,795,44338
守,796,44264
酒,797,44069
岛,798,44056
托,799,44052
央,800,44052
户,801,43810
烈,802,43751
洋,803,43692
哥,804,43620
索,805,43365
胡,806,43199
款,807,43087
靠,808,42988
评,809,42966
版,810,42853
宝,811,42836
座,812,42814
释,813,42749
景,814,42738
顾,815,42735
弟,816,42706
登,817,42687
货,818,42602
互,819,42579
付,820,42527
伯,821,42513
慢,822,42506
欧,823,42504
换,824,42292
闻,825,42253
危,826,42080
忙,827,42026
核,828,41944
暗,829,41881
姐,830,41762
介,831,41749
坏,832,41723
讨,833,41717
丽,834,41363
良,835,41167
序,836,41129
升,837,41105
监,838,41082
临,839,41068
亮,840,41016
露,841,40954
永,842,40936
呼,843,40709
味,844,40704
野,845,40681
架,846,40619
域,847,40597
沙,848,40573
掉,849,40541
括,850,40519
舰,851,40500
鱼,852,40452
杂,853,40265
误,854,40196
湾,855,40101
吉,856,40081
减,857,40011
编,858,39879
楚,859,39846
肯,860,39813
测,861,39752
败,862,39627
屋,863,39588
跑,864,39497
梦,865,39486
散,866,39336
温,867,39312
困,868,39172
剑,869,39020
渐,870,39010
封,871,38954
救,872,38824
贵,873,38668
枪,874,38569
缺,875,38506
楼,876,38463
县,877,38407
尚,878,38376
毫,879,38374
移,880,38349
娘,881,38274
朋,882,38271
画,883,38263
班,884,38130
智,885,38064
亦,886,37960
耳,887,37939
恩,888,37898
短,889,37834
掌,890,37729
恐,891,37676
遗,892,37619
固,893,37582
席,894,37579
松,895,37563
秘,896,37560
谢,897,37550
鲁,898,37474
遇,899,37343
康,900,37302
虑,901,37208
幸,902,37198
均,903,36842
销,904,36821
钟,905,36770
诗,906,36762
藏,907,36704
赶,908,36599
剧,909,36585
票,910,36459
损,911,36444
忽,912,36378
巨,913,36351
炮,914,36315
旧,915,36291
端,916,36233
探,917,36230
湖,918,36112
录,919,36080
叶,920,36032
春,921,36027
乡,922,36025
附,923,35955
吸,924,35891
予,925,35757
礼,926,35612
港,927,35577
雨,928,35370
呀,929,35343
板,930,35332
庭,931,35205
妇,932,35188
归,933,35153
睛,934,35082
饭,935,35076
额,936,34823
含,937,34759
顺,938,34708
输,939,34688
摇,940,34635
招,941,34625
婚,942,34610
脱,943,34548
补,944,34542
谓,945,34527
督,946,34523
毒,947,34517
油,948,34469
疗,949,34467
旅,950,34384
泽,951,34311
材,952,34237
灭,953,34135
逐,954,34128
莫,955,34097
笔,956,34057
亡,957,33917
鲜,958,33720
词,959,33669
圣,960,33620
择,961,33615
寻,962,33469
厂,963,33468
睡,964,33420
博,965,33366
勒,966,33228
烟,967,33137
授,968,33017
诺,969,32991
伦,970,32822
岸,971,32807
奥,972,32761
唐,973,32757
卖,974,32694
俄,975,32638
炸,976,32540
载,977,32456
洛,978,32431
健,979,32399
堂,980,32367
旁,981,32268
宫,982,32179
喝,983,32112
借,984,32027
君,985,31960
禁,986,31951
阴,987,31936
园,988,31925
谋,989,31910
宋,990,31748
避,991,31731
抓,992,31675
荣,993,31662
姑,994,31647
孙,995,31506
逃,996,31468
牙,997,31466
束,998,31370
跳,999,31324
顶,1000,31318
玉,1001,31279
镇,1002,31170
雪,1003,30997
午,1004,30985
练,1005,30963
迫,1006,30930
爷,1007,30930
篇,1008,30894
肉,1009,30820
嘴,1010,30765
馆,1011,30564
遍,1012,30545
凡,1013,30533
础,1014,30477
洞,1015,30399
卷,1016,30343
坦,1017,30341
牛,1018,30047
纸,1019,30001
宁,1020,30001
诸,1021,29957
训,1022,29911
私,1023,29700
庄,1024,29679
祖,1025,29644
丝,1026,29585
翻,1027,29568
暴,1028,29566
森,1029,29533
塔,1030,29454
默,1031,29432
握,1032,29418
戏,1033,29402
隐,1034,29294
熟,1035,29271
骨,1036,29180
访,1037,29134
弱,1038,29129
蒙,1039,29019
歌,1040,28957
店,1041,28926
鬼,1042,28916
软,1043,28885
典,1044,28860
欲,1045,28856
萨,1046,28804
伙,1047,28724
遭,1048,28642
盘,1049,28582
爸,1050,28526
扩,1051,28331
盖,1052,28310
弄,1053,28205
雄,1054,28184
稳,1055,28031
忘,1056,27961
亿,1057,27897
刺,1058,27891
拥,1059,27833
徒,1060,27812
姆,1061,27808
杨,1062,27561
齐,1063,27480
赛,1064,27472
趣,1065,27434
曲,1066,27401
刀,1067,27292
床,1068,27283
迎,1069,27228
冰,1070,27201
虚,1071,27076
玩,1072,27043
析,1073,27019
窗,1074,26978
醒,1075,26899
妻,1076,26847
透,1077,26836
购,1078,26803
替,1079,26687
塞,1080,26590
努,1081,26564
休,1082,26539
虎,1083,26514
扬,1084,26509
途,1085,26485
侵,1086,26466
刑,1087,26453
绿,1088,26414
兄,1089,26386
迅,1090,26321
套,1091,26301
贸,1092,26198
毕,1093,26148
唯,1094,26041
谷,1095,26005
轮,1096,25958
库,1097,25924
迹,1098,25920
尤,1099,25908
竞,1100,25897
街,1101,25866
促,1102,25792
延,1103,25768
震,1104,25746
弃,1105,25730
甲,1106,25620
伟,1107,25591
麻,1108,25584
川,1109,25575
申,1110,25531
缓,1111,25455
潜,1112,25452
闪,1113,25427
售,1114,25405
灯,1115,25401
针,1116,25384
哲,1117,25353
络,1118,25256
抵,1119,25228
朱,1120,25195
埃,1121,25101
抱,1122,25069
鼓,1123,25016
植,1124,24999
纯,1125,24890
夏,1126,24888
忍,1127,24862
页,1128,24861
杰,1129,24796
筑,1130,24780
折,1131,24737
郑,1132,24716
贝,1133,24675
尊,1134,24662
吴,1135,24632
秀,1136,24620
混,1137,24605
臣,1138,24553
雅,1139,24527
振,1140,24469
染,1141,24444
盛,1142,24387
怒,1143,24374
舞,1144,24360
圆,1145,24267
搞,1146,24265
狂,1147,24259
措,1148,24172
姓,1149,24142
残,1150,24030
秋,1151,24030
培,1152,24009
迷,1153,23959
诚,1154,23947
宽,1155,23918
宇,1156,23891
猛,1157,23862
摆,1158,23853
梅,1159,23824
毁,1160,23773
伸,1161,23732
摩,1162,23645
盟,1163,23581
末,1164,23526
乃,1165,23520
悲,1166,23500
拍,1167,23483
丁,1168,23479
赵,1169,23428
硬,1170,23364
麦,1171,23271
蒋,1172,23237
操,1173,23193
耶,1174,23175
阻,1175,23151
订,1176,22991
彩,1177,22982
抽,1178,22937
赞,1179,22909
魔,1180,22835
纷,1181,22820
沿,1182,22781
喊,1183,22779
违,1184,22751
妹,1185,22723
浪,1186,22639
汇,1187,22608
币,1188,22592
丰,1189,22439
蓝,1190,22437
殊,1191,22407
献,1192,22396
桌,1193,22336
啦,1194,22263
瓦,1195,22229
莱,1196,22187
援,1197,22180
译,1198,22170
夺,1199,22148
汽,1200,22098
烧,1201,22078
距,1202,21970
裁,1203,21918
偏,1204,21877
符,1205,21862
勇,1206,21819
触,1207,21719
课,1208,21705
敬,1209,21646
哭,1210,21444
懂,1211,21117
墙,1212,21101
召,1213,21098
袭,1214,21098
罚,1215,21011
侠,1216,20999
厅,1217,20989
拜,1218,20978
巧,1219,20964
侧,1220,20960
韩,1221,20947
冒,1222,20917
债,1223,20902
曼,1224,20897
融,1225,20883
惯,1226,20880
享,1227,20830
戴,1228,20826
童,1229,20813
犹,1230,20747
乘,1231,20731
挂,1232,20706
奖,1233,20690
绍,1234,20681
厚,1235,20624
纵,1236,20599
障,1237,20503
讯,1238,20488
涉,1239,20482
彻,1240,20461
刊,1241,20458
丈,1242,20372
爆,1243,20340
乌,1244,20291
役,1245,20254
描,1246,20247
洗,1247,20229
玛,1248,20207
患,1249,20203
妙,1250,20165
镜,1251,20100
唱,1252,20085
烦,1253,20076
签,1254,20057
仙,1255,20051
彼,1256,20021
弗,1257,19905
症,1258,19878
仿,1259,19870
倾,1260,19849
牌,1261,19752
陷,1262,19703
鸟,1263,19698
轰,1264,19670
咱,1265,19554
菜,1266,19516
闭,1267,19515
奋,1268,19499
庆,1269,19487
撤,1270,19485
泪,1271,19411
茶,1272,19404
疾,1273,19402
缘,1274,19330
播,1275,19327
朗,1276,19288
杜,1277,19246
奶,1278,19219
季,1279,19211
丹,1280,19171
狗,1281,19093
尾,1282,19076
仪,1283,19064
偷,1284,19006
奔,1285,18989
珠,1286,18916
虫,1287,18909
驻,1288,18901
孔,1289,18890
宜,1290,18833
艾,1291,18825
桥,1292,18815
淡,1293,18779
翼,1294,18710
恨,1295,18702
繁,1296,18699
寒,1297,18684
伴,1298,18678
叹,1299,18587
旦,1300,18569
愈,1301,18540
潮,1302,18532
粮,1303,18528
缩,1304,18495
罢,1305,18492
聚,1306,18458
径,1307,18428
恰,1308,18420
挑,1309,18417
袋,1310,18381
灰,1311,18298
捕,1312,18236
徐,1313,18175
珍,1314,18144
幕,1315,18138
映,1316,18102
裂,1317,18093
泰,1318,18069
隔,1319,18056
启,1320,18041
尖,1321,18036
忠,1322,18021
累,1323,18017
炎,1324,17971
暂,1325,17968
估,1326,17943
泛,1327,17928
荒,1328,17924
偿,1329,17919
横,1330,17912
拒,1331,17892
瑞,1332,17869
忆,1333,17829
孤,1334,17817
鼻,1335,17773
闹,1336,17764
羊,1337,17763
呆,1338,17746
厉,1339,17726
衡,1340,17719
胞,1341,17702
零,1342,17675
穷,1343,17672
舍,1344,17647
码,1345,17626
赫,1346,17613
婆,1347,17603
魂,1348,17535
灾,1349,17531
洪,1350,17526
腿,1351,17509
胆,1352,17486
津,1353,17470
俗,1354,17463
辩,1355,17459
胸,1356,17392
晓,1357,17316
劲,1358,17307
贫,1359,17263
仁,1360,17263
偶,1361,17246
辑,1362,17169
邦,1363,17153
赖,1364,17123
恢,1365,17123
圈,1366,17115
摸,1367,17067
仰,1368,16940
润,1369,16922
堆,1370,16920
碰,1371,16919
艇,1372,16868
稍,1373,16855
迟,1374,16808
辆,1375,16767
废,1376,16754
净,1377,16751
凶,1378,16707
署,1379,16641
壁,1380,16588
御,1381,16586
奉,1382,16453
旋,1383,16441
冬,1384,16368
矿,1385,16360
抬,1386,16315
蛋,1387,16305
晨,1388,16235
伏,1389,16181
吹,1390,16180
鸡,1391,16164
倍,1392,16102
糊,1393,16098
秦,1394,16088
盾,1395,16080
杯,1396,16068
租,1397,16052
骑,1398,16037
乏,1399,16010
隆,1400,15979
诊,1401,15931
奴,1402,15917
摄,1403,15801
丧,1404,15731
污,1405,15696
渡,1406,15692
旗,1407,15665
甘,1408,15654
耐,1409,15629
凭,1410,15619
扎,1411,15600
抢,1412,15596
绪,1413,15571
粗,1414,15557
肩,1415,15528
梁,1416,15387
幻,1417,15371
菲,1418,15365
皆,1419,15357
碎,1420,15334
宙,1421,15331
叔,1422,15310
岩,1423,15279
荡,1424,15268
综,1425,15258
爬,1426,15255
荷,1427,15249
悉,1428,15234
蒂,1429,15183
返,1430,15179
井,1431,15158
壮,1432,15151
薄,1433,15150
悄,1434,15141
扫,1435,15140
敏,1436,15135
碍,1437,15121
殖,1438,15118
详,1439,15099
迪,1440,15073
矛,1441,15059
霍,1442,15034
允,1443,15027
幅,1444,15021
撒,1445,15003
剩,1446,14996
凯,1447,14990
颗,1448,14987
骂,1449,14976
赏,1450,14946
液,1451,14940
番,1452,14927
箱,1453,14913
贴,1454,14888
漫,1455,14869
酸,1456,14855
郎,1457,14845
腰,1458,14841
舒,1459,14833
眉,1460,14763
忧,1461,14753
浮,1462,14717
辛,1463,14713
恋,1464,14674
餐,1465,14641
吓,1466,14620
挺,1467,14615
励,1468,14512
辞,1469,14439
艘,1470,14438
键,1471,14434
伍,1472,14425
峰,1473,14424
尺,1474,14422
昨,1475,14406
黎,1476,14389
辈,1477,14384
贯,1478,14361
侦,1479,14329
滑,1480,14303
券,1481,14293
崇,1482,14262
扰,1483,14252
宪,1484,14251
绕,1485,14172
趋,1486,14160
慈,1487,14141
乔,1488,14107
阅,1489,14067
汗,1490,14011
枝,1491,13982
拖,1492,13973
墨,1493,13959
胁,1494,13948
插,1495,13938
箭,1496,13922
腊,1497,13892
泥,1498,13874
粉,1499,13874
氏,1500,13868
彭,1501,13866
拔,1502,13865
骗,1503,13854
凤,1504,13817
慧,1505,13810
媒,1506,13802
佩,1507,13784
愤,1508,13749
扑,1509,13748
龄,1510,13733
驱,1511,13692
惜,1512,13687
豪,1513,13680
掩,1514,13680
兼,1515,13656
跃,1516,13645
尸,1517,13609
肃,1518,13581
帕,1519,13566
驶,1520,13537
堡,1521,13533
届,1522,13521
欣,1523,13500
惠,1524,13492
册,1525,13462
储,1526,13408
飘,1527,13357
桑,1528,13328
闲,1529,13316
惨,1530,13314
洁,1531,13261
踪,1532,13193
勃,1533,13183
宾,1534,13149
频,1535,13127
仇,1536,13118
磨,1537,13082
递,1538,13012
邪,1539,12952
撞,1540,12894
拟,1541,12885
滚,1542,12863
奏,1543,12859
巡,1544,12852
颜,1545,12837
剂,1546,12821
绩,1547,12789
贡,1548,12785
疯,1549,12771
坡,1550,12758
瞧,1551,12745
截,1552,12718
燃,1553,12708
焦,1554,12684
殿,1555,12667
伪,1556,12654
柳,1557,12642
锁,1558,12638
逼,1559,12623
颇,1560,12605
昏,1561,12600
劝,1562,12587
呈,1563,12567
搜,1564,12537
勤,1565,12536
戒,1566,12510
驾,1567,12492
漂,1568,12488
饮,1569,12453
曹,1570,12443
朵,1571,12435
仔,1572,12428
柔,1573,12389
俩,1574,12340
孟,1575,12274
腐,1576,12264
幼,1577,12257
践,1578,12242
籍,1579,12205
牧,1580,12193
凉,1581,12156
牲,1582,12107
佳,1583,12061
娜,1584,12060
浓,1585,12016
芳,1586,12015
稿,1587,12012
竹,1588,12000
腹,1589,11974
跌,1590,11967
逻,1591,11959
垂,1592,11949
遵,1593,11935
脉,1594,11932
貌,1595,11921
柏,1596,11902
狱,1597,11886
猜,1598,11875
怜,1599,11848
惑,1600,11829
陶,1601,11821
兽,1602,11820
帐,1603,11798
饰,1604,11794
贷,1605,11793
昌,1606,11787
叙,1607,11786
躺,1608,11745
钢,1609,11738
沟,1610,11735
寄,1611,11729
扶,1612,11659
铺,1613,11654
邓,1614,11651
寿,1615,11646
惧,1616,11644
询,1617,11643
汤,1618,11620
盗,1619,11595
肥,1620,11594
尝,1621,11557
匆,1622,11540
辉,1623,11518
奈,1624,11509
扣,1625,11505
廷,1626,11499
澳,1627,11475
嘛,1628,11474
董,1629,11450
迁,1630,11433
凝,1631,11409
慰,1632,11379
厌,1633,11376
脏,1634,11350
腾,1635,11343
幽,1636,11319
怨,1637,11305
鞋,1638,11288
丢,1639,11285
埋,1640,11246
泉,1641,11237
涌,1642,11228
辖,1643,11213
躲,1644,11201
晋,1645,11192
紫,1646,11172
艰,1647,11164
魏,1648,11161
吾,1649,11154
慌,1650,11149
祝,1651,11144
邮,1652,11137
吐,1653,11132
狠,1654,11116
鉴,1655,11090
曰,1656,11075
械,1657,11060
咬,1658,11029
邻,1659,10996
赤,1660,10981
挤,1661,10920
弯,1662,10917
椅,1663,10917
陪,1664,10908
割,1665,10894
揭,1666,10892
韦,1667,10882
悟,1668,10876
聪,1669,10863
雾,1670,10856
锋,1671,10783
梯,1672,10738
猫,1673,10724
祥,1674,10724
阔,1675,10722
誉,1676,10683
筹,1677,10671
丛,1678,10665
牵,1679,10641
鸣,1680,10636
沈,1681,10628
阁,1682,10595
穆,1683,10592
屈,1684,10591
旨,1685,10590
袖,1686,10564
猎,1687,10561
臂,1688,10542
蛇,1689,10538
贺,1690,10507
柱,1691,10504
抛,1692,10477
鼠,1693,10476
瑟,1694,10473
戈,1695,10456
牢,1696,10454
逊,1697,10444
迈,1698,10432
欺,1699,10418
吨,1700,10403
琴,1701,10383
衰,1702,10367
瓶,1703,10361
恼,1704,10356
燕,1705,10325
仲,1706,10316
诱,1707,10307
狼,1708,10295
池,1709,10289
疼,1710,10279
卢,1711,10266
仗,1712,10263
冠,1713,10217
粒,1714,10200
遥,1715,10179
吕,1716,10156
玄,1717,10151
尘,1718,10137
冯,1719,10128
抚,1720,10100
浅,1721,10088
敦,1722,10084
纠,1723,10064
钻,1724,10064
晶,1725,10038
岂,1726,10036
峡,1727,10028
苍,1728,10027
喷,1729,10027
耗,1730,9999
凌,1731,9999
敲,1732,9978
菌,1733,9971
赔,1734,9960
涂,1735,9949
粹,1736,9943
扁,1737,9917
亏,1738,9884
寂,1739,9875
煤,1740,9832
熊,1741,9788
恭,1742,9787
湿,1743,9783
循,1744,9768
暖,1745,9762
糖,1746,9757
赋,1747,9723
抑,1748,9719
秩,1749,9713
帽,1750,9697
哀,1751,9693
宿,1752,9693
踏,1753,9656
烂,1754,9635
袁,1755,9609
侯,1756,9585
抖,1757,9584
夹,1758,9574
昆,1759,9557
肝,1760,9551
擦,1761,9542
猪,1762,9535
炼,1763,9528
恒,1764,9483
慎,1765,9479
搬,1766,9478
纽,1767,9466
纹,1768,9463
玻,1769,9447
渔,1770,9441
磁,1771,9433
铜,1772,9416
齿,1773,9415
跨,1774,9404
押,1775,9401
怖,1776,9400
漠,1777,9366
疲,1778,9364
叛,1779,9361
遣,1780,9335
兹,1781,9319
祭,1782,9316
醉,1783,9292
拳,1784,9290
弥,1785,9276
斜,1786,9264
档,1787,9248
稀,1788,9234
捷,1789,9225
肤,1790,9214
疫,1791,9202
肿,1792,9202
豆,1793,9179
削,1794,9169
岗,1795,9163
晃,1796,9157
吞,1797,9142
宏,1798,9134
癌,1799,9114
肚,1800,9102
隶,1801,9100
履,1802,9091
涨,1803,9089
耀,1804,9060
扭,1805,9054
坛,1806,9049
拨,1807,9047
沃,1808,9047
绘,1809,9039
伐,1810,9028
堪,1811,9026
仆,1812,8976
郭,1813,8931
牺,1814,8926
歼,1815,8910
墓,1816,8890
雇,1817,8857
廉,1818,8854
契,1819,8845
拼,1820,8842
惩,1821,8839
捉,1822,8838
覆,1823,8795
刷,1824,8773
劫,1825,8752
嫌,1826,8748
瓜,1827,8740
歇,1828,8733
雕,1829,8713
闷,1830,8708
乳,1831,8701
串,1832,8695
娃,1833,8662
缴,1834,8659
唤,1835,8657
赢,1836,8657
莲,1837,8650
霸,1838,8639
桃,1839,8639
妥,1840,8634
瘦,1841,8632
搭,1842,8626
赴,1843,8594
岳,1844,8577
嘉,1845,8576
舱,1846,8575
俊,1847,8543
址,1848,8541
庞,1849,8531
耕,1850,8525
锐,1851,8522
缝,1852,8512
悔,1853,8485
邀,1854,8484
玲,1855,8475
惟,1856,8469
斥,1857,8464
宅,1858,8464
添,1859,8460
挖,1860,8449
呵,1861,8433
讼,1862,8410
氧,1863,8401
浩,1864,8387
羽,1865,8366
斤,1866,8365
酷,1867,8345
掠,1868,8343
妖,1869,8337
祸,1870,8336
侍,1871,8320
乙,1872,8313
妨,1873,8311
贪,1874,8304
挣,1875,8297
汪,1876,8294
尿,1877,8292
莉,1878,8289
悬,1879,8282
唇,1880,8279
翰,1881,8279
仓,1882,8275
轨,1883,8273
枚,1884,8270
盐,1885,8266
览,1886,8259
傅,1887,8256
帅,1888,8249
庙,1889,8220
芬,1890,8218
屏,1891,8208
寺,1892,8200
胖,1893,8184
璃,1894,8176
愚,1895,8144
滴,1896,8104
疏,1897,8101
萧,1898,8097
姿,1899,8092
颤,1900,8080
丑,1901,8067
劣,1902,8067
柯,1903,8061
寸,1904,8056
扔,1905,8045
盯,1906,8041
辱,1907,8029
匹,1908,8025
俱,1909,8024
辨,1910,8023
饿,1911,7992
蜂,1912,7989
哦,1913,7980
腔,1914,7975
郁,1915,7968
溃,1916,7962
谨,1917,7960
糟,1918,7960
葛,1919,7952
苗,1920,7946
肠,1921,7939
忌,1922,7938
溜,1923,7935
鸿,1924,7931
爵,1925,7902
鹏,1926,7895
鹰,1927,7890
笼,1928,7888
丘,1929,7886
桂,1930,7877
滋,1931,7874
聊,1932,7865
挡,1933,7851
纲,1934,7832
肌,1935,7830
茨,1936,7823
壳,1937,7813
痕,1938,7805
碗,1939,7773
穴,1940,7772
膀,1941,7731
卓,1942,7714
贤,1943,7713
卧,1944,7696
膜,1945,7694
毅,1946,7686
锦,1947,7682
欠,1948,7682
哩,1949,7677
函,1950,7672
茫,1951,7659
昂,1952,7637
薛,1953,7630
皱,1954,7609
夸,1955,7594
豫,1956,7590
胃,1957,7533
舌,1958,7511
剥,1959,7504
傲,1960,7503
拾,1961,7497
窝,1962,7456
睁,1963,7454
携,1964,7449
陵,1965,7436
哼,1966,7419
棉,1967,7416
晴,1968,7405
铃,1969,7404
填,1970,7401
饲,1971,7399
渴,1972,7395
吻,1973,7395
扮,1974,7372
逆,1975,7339
脆,1976,7336
喘,1977,7320
罩,1978,7309
卜,1979,7301
炉,1980,7295
柴,1981,7276
愉,1982,7259
绳,1983,7256
胎,1984,7256
蓄,1985,7213
眠,1986,7195
竭,1987,7194
喂,1988,7184
傻,1989,7167
慕,1990,7165
浑,1991,7136
奸,1992,7132
扇,1993,7125
柜,1994,7101
悦,1995,7094
拦,1996,7091
诞,1997,7085
饱,1998,7059
乾,1999,7057
泡,2000,7046
贼,2001,7045
亭,2002,7041
夕,2003,7025
爹,2004,7016
酬,2005,7011
儒,2006,7004
姻,2007,6998
卵,2008,6971
氛,2009,6968
泄,2010,6955
杆,2011,6944
挨,2012,6930
僧,2013,6920
蜜,2014,6919
吟,2015,6916
猩,2016,6909
遂,2017,6904
狭,2018,6901
肖,2019,6899
甜,2020,6894
霞,2021,6885
驳,2022,6879
裕,2023,6871
顽,2024,6868
於,2025,6858
摘,2026,6845
矮,2027,6834
秒,2028,6829
卿,2029,6825
畜,2030,6821
咽,2031,6818
披,2032,6790
辅,2033,6782
勾,2034,6780
盆,2035,6780
疆,2036,6779
赌,2037,6759
塑,2038,6744
畏,2039,6722
吵,2040,6709
囊,2041,6709
嗯,2042,6707
泊,2043,6695
肺,2044,6692
骤,2045,6688
缠,2046,6675
冈,2047,6651
羞,2048,6651
瞪,2049,6644
吊,2050,6637
贾,2051,6627
漏,2052,6627
斑,2053,6622
涛,2054,6611
悠,2055,6604
鹿,2056,6599
俘,2057,6594
锡,2058,6586
卑,2059,6572
葬,2060,6558
铭,2061,6555
滩,2062,6550
嫁,2063,6539
催,2064,6538
璇,2065,6536
翅,2066,6524
盒,2067,6506
蛮,2068,6503
矣,2069,6490
潘,2070,6477
歧,2071,6451
赐,2072,6431
鲍,2073,6416
锅,2074,6416
廊,2075,6413
拆,2076,6412
灌,2077,6403
勉,2078,6398
盲,2079,6395
宰,2080,6390
佐,2081,6378
啥,2082,6331
胀,2083,6327
扯,2084,6325
禧,2085,6308
辽,2086,6300
抹,2087,6299
筒,2088,6296
棋,2089,6294
裤,2090,6282
唉,2091,6269
朴,2092,6261
咐,2093,6257
孕,2094,6256
誓,2095,6249
喉,2096,6233
妄,2097,6228
拘,2098,6224
链,2099,6223
驰,2100,6199
栏,2101,6182
逝,2102,6182
窃,2103,6174
艳,2104,6172
臭,2105,6166
纤,2106,6166
玑,2107,6165
棵,2108,6159
趁,2109,6154
匠,2110,6142
盈,2111,6142
翁,2112,6137
愁,2113,6135
瞬,2114,6119
婴,2115,6114
孝,2116,6112
颈,2117,6104
倘,2118,6072
浙,2119,6045
谅,2120,6024
蔽,2121,6016
畅,2122,6012
赠,2123,6004
妮,2124,6000
莎,2125,5990
尉,2126,5988
冻,2127,5984
跪,2128,5955
闯,2129,5954
葡,2130,5943
後,2131,5938
厨,2132,5932
鸭,2133,5932
颠,2134,5921
遮,2135,5914
谊,2136,5902
圳,2137,5901
吁,2138,5891
仑,2139,5882
辟,2140,5876
瘤,2141,5875
嫂,2142,5863
陀,2143,5863
框,2144,5853
谭,2145,5849
亨,2146,5845
钦,2147,5840
庸,2148,5835
歉,2149,5833
芝,2150,5832
吼,2151,5814
甫,2152,5805
衫,2153,5802
摊,2154,5798
宴,2155,5798
嘱,2156,5788
衷,2157,5781
娇,2158,5772
陕,2159,5769
矩,2160,5766
浦,2161,5766
讶,2162,5760
耸,2163,5758
裸,2164,5752
碧,2165,5751
摧,2166,5743
薪,2167,5741
淋,2168,5737
耻,2169,5735
胶,2170,5721
屠,2171,5718
鹅,2172,5703
饥,2173,5689
盼,2174,5689
脖,2175,5682
虹,2176,5670
翠,2177,5661
崩,2178,5658
账,2179,5652
萍,2180,5646
逢,2181,5632
赚,2182,5630
撑,2183,5628
翔,2184,5625
倡,2185,5622
绵,2186,5622
猴,2187,5582
枯,2188,5582
巫,2189,5576
昭,2190,5569
怔,2191,5561
渊,2192,5551
凑,2193,5544
溪,2194,5543
蠢,2195,5542
禅,2196,5540
阐,2197,5532
旺,2198,5529
寓,2199,5519
藤,2200,5514
匪,2201,5511
伞,2202,5511
碑,2203,5509
挪,2204,5500
琼,2205,5495
脂,2206,5492
谎,2207,5481
慨,2208,5479
菩,2209,5477
萄,2210,5463
狮,2211,5456
掘,2212,5436
抄,2213,5433
岭,2214,5429
晕,2215,5420
逮,2216,5418
砍,2217,5418
掏,2218,5416
狄,2219,5414
晰,2220,5412
罕,2221,5409
挽,2222,5389
脾,2223,5386
舟,2224,5363
痴,2225,5359
蔡,2226,5325
剪,2227,5324
脊,2228,5316
弓,2229,5315
懒,2230,5307
叉,2231,5299
拐,2232,5282
喃,2233,5282
僚,2234,5278
捐,2235,5273
姊,2236,5272
骚,2237,5268
拓,2238,5256
歪,2239,5251
粘,2240,5231
柄,2241,5229
坑,2242,5223
陌,2243,5220
窄,2244,5219
湘,2245,5207
兆,2246,5204
崖,2247,5199
骄,2248,5196
刹,2249,5185
鞭,2250,5176
芒,2251,5174
筋,2252,5170
聘,2253,5148
钩,2254,5140
棍,2255,5140
嚷,2256,5138
腺,2257,5132
弦,2258,5117
焰,2259,5116
耍,2260,5109
俯,2261,5100
厘,2262,5096
愣,2263,5088
厦,2264,5083
恳,2265,5081
饶,2266,5079
钉,2267,5059
寡,2268,5049
憾,2269,5036
摔,2270,5035
叠,2271,5027
惹,2272,5018
喻,2273,5012
谱,2274,5009
愧,2275,5008
煌,2276,5002
徽,2277,5000
溶,2278,4998
坠,2279,4980
煞,2280,4969
巾,2281,4967
滥,2282,4964
洒,2283,4961
堵,2284,4960
瓷,2285,4955
咒,2286,4931
姨,2287,4928
棒,2288,4917
郡,2289,4912
浴,2290,4911
媚,2291,4909
稣,2292,4907
淮,2293,4903
哎,2294,4887
屁,2295,4884
漆,2296,4884
淫,2297,4879
巢,2298,4874
吩,2299,4866
撰,2300,4863
啸,2301,4850
滞,2302,4850
玫,2303,4839
硕,2304,4819
钓,2305,4813
蝶,2306,4811
膝,2307,4809
姚,2308,4806
茂,2309,4798
躯,2310,4797
吏,2311,4795
猿,2312,4793
寨,2313,4783
恕,2314,4779
渠,2315,4769
戚,2316,4756
辰,2317,4755
舶,2318,4743
颁,2319,4742
惶,2320,4730
狐,2321,4718
讽,2322,4713
笨,2323,4712
袍,2324,4710
嘲,2325,4709
啡,2326,4688
泼,2327,4688
衔,2328,4684
倦,2329,4682
涵,2330,4681
雀,2331,4675
旬,2332,4671
僵,2333,4668
撕,2334,4668
肢,2335,4651
垄,2336,4642
夷,2337,4638
逸,2338,4638
茅,2339,4637
侨,2340,4633
舆,2341,4628
窑,2342,4611
涅,2343,4601
蒲,2344,4595
谦,2345,4588
杭,2346,4583
噢,2347,4582
弊,2348,4579
勋,2349,4568
刮,2350,4565
郊,2351,4565
凄,2352,4552
捧,2353,4533
浸,2354,4529
砖,2355,4512
鼎,2356,4507
篮,2357,4490
蒸,2358,4443
饼,2359,4439
亩,2360,4439
肾,2361,4437
陡,2362,4421
爪,2363,4419
兔,2364,4418
殷,2365,4417
贞,2366,4414
荐,2367,4406
哑,2368,4406
炭,2369,4405
坟,2370,4402
眨,2371,4393
搏,2372,4392
咳,2373,4390
拢,2374,4390
舅,2375,4385
昧,2376,4375
擅,2377,4372
爽,2378,4368
咖,2379,4366
搁,2380,4359
禄,2381,4356
雌,2382,4355
哨,2383,4354
巩,2384,4344
绢,2385,4335
螺,2386,4327
裹,2387,4322
昔,2388,4320
轩,2389,4304
谬,2390,4290
谍,2391,4274
龟,2392,4265
媳,2393,4262
姜,2394,4261
瞎,2395,4260
冤,2396,4243
鸦,2397,4236
蓬,2398,4225
巷,2399,4221
琳,2400,4218
栽,2401,4215
沾,2402,4201
诈,2403,4200
斋,2404,4194
瞒,2405,4191
彪,2406,4186
厄,2407,4184
咨,2408,4180
纺,2409,4175
罐,2410,4169
桶,2411,4167
壤,2412,4165
糕,2413,4142
颂,2414,4142
膨,2415,4141
谐,2416,4135
垒,2417,4134
咕,2418,4132
隙,2419,4130
辣,2420,4124
绑,2421,4112
宠,2422,4108
嘿,2423,4102
兑,2424,4101
霉,2425,4098
挫,2426,4089
稽,2427,4085
辐,2428,4084
乞,2429,4073
纱,2430,4069
裙,2431,4062
嘻,2432,4056
哇,2433,4055
绣,2434,4046
杖,2435,4037
塘,2436,4033
衍,2437,4031
轴,2438,4011
攀,2439,3998
膊,2440,3989
譬,2441,3985
斌,2442,3981
祈,2443,3965
踢,2444,3959
肆,2445,3956
坎,2446,3948
轿,2447,3942
棚,2448,3929
泣,2449,3929
屡,2450,3925
躁,2451,3917
邱,2452,3912
凰,2453,3911
溢,2454,3909
椎,2455,3888
砸,2456,3881
趟,2457,3879
帘,2458,3875
帆,2459,3874
栖,2460,3867
窜,2461,3865
丸,2462,3847
斩,2463,3844
堤,2464,3840
塌,2465,3839
贩,2466,3837
厢,2467,3837
掀,2468,3831
喀,2469,3830
乖,2470,3828
谜,2471,3828
捏,2472,3824
阎,2473,3823
滨,2474,3811
虏,2475,3811
匙,2476,3809
芦,2477,3806
苹,2478,3805
卸,2479,3795
沼,2480,3791
钥,2481,3772
株,2482,3771
祷,2483,3769
剖,2484,3767
熙,2485,3766
哗,2486,3759
劈,2487,3759
怯,2488,3759
棠,2489,3758
胳,2490,3753
桩,2491,3746
瑰,2492,3744
娱,2493,3740
娶,2494,3733
沫,2495,3731
嗓,2496,3724
蹲,2497,3720
焚,2498,3718
淘,2499,3718
嫩,2500,3707
韵,2501,3705
衬,2502,3700
匈,2503,3700
钧,2504,3698
竖,2505,3698
峻,2506,3688
豹,2507,3683
捞,2508,3681
菊,2509,3676
鄙,2510,3670
魄,2511,3664
兜,2512,3663
哄,2513,3660
颖,2514,3658
镑,2515,3657
屑,2516,3655
蚁,2517,3653
壶,2518,3652
怡,2519,3649
渗,2520,3647
秃,2521,3640
迦,2522,3637
旱,2523,3636
哟,2524,3635
咸,2525,3627
焉,2526,3626
谴,2527,3619
宛,2528,3619
稻,2529,3607
铸,2530,3604
锻,2531,3596
伽,2532,3596
詹,2533,3595
毙,2534,3588
恍,2535,3584
贬,2536,3580
烛,2537,3578
骇,2538,3577
芯,2539,3568
汁,2540,3564
桓,2541,3551
坊,2542,3546
驴,2543,3532
朽,2544,3526
靖,2545,3521
佣,2546,3517
汝,2547,3503
碌,2548,3497
迄,2549,3496
冀,2550,3487
荆,2551,3479
崔,2552,3476
雁,2553,3474
绅,2554,3472
珊,2555,3465
榜,2556,3458
诵,2557,3447
傍,2558,3444
彦,2559,3437
醇,2560,3433
笛,2561,3409
禽,2562,3408
勿,2563,3400
娟,2564,3385
瞄,2565,3383
幢,2566,3376
寇,2567,3354
睹,2568,3346
贿,2569,3346
踩,2570,3343
霆,2571,3342
呜,2572,3341
拱,2573,3339
妃,2574,3338
蔑,2575,3330
谕,2576,3330
缚,2577,3326
诡,2578,3323
篷,2579,3315
淹,2580,3315
腕,2581,3314
煮,2582,3313
倩,2583,3311
卒,2584,3306
勘,2585,3303
馨,2586,3281
逗,2587,3271
甸,2588,3270
贱,2589,3270
炒,2590,3260
灿,2591,3254
敞,2592,3248
蜡,2593,3246
囚,2594,3242
栗,2595,3240
辜,2596,3235
垫,2597,3233
妒,2598,3228
魁,2599,3227
谣,2600,3219
寞,2601,3217
蜀,2602,3208
甩,2603,3208
涯,2604,3206
枕,2605,3206
丐,2606,3201
泳,2607,3198
奎,2608,3194
泌,2609,3192
逾,2610,3189
叮,2611,3188
黛,2612,3187
燥,2613,3171
掷,2614,3170
藉,2615,3169
枢,2616,3169
憎,2617,3169
鲸,2618,3158
弘,2619,3153
倚,2620,3149
侮,2621,3144
藩,2622,3138
拂,2623,3135
鹤,2624,3133
蚀,2625,3131
浆,2626,3130
芙,2627,3130
垃,2628,3127
烤,2629,3125
晒,2630,3124
霜,2631,3119
剿,2632,3112
蕴,2633,3110
圾,2634,3102
绸,2635,3098
屿,2636,3098
氢,2637,3092
驼,2638,3084
妆,2639,3083
捆,2640,3079
铅,2641,3075
逛,2642,3074
淑,2643,3069
榴,2644,3068
丙,2645,3055
痒,2646,3055
钞,2647,3049
蹄,2648,3045
犬,2649,3042
躬,2650,3037
昼,2651,3036
藻,2652,3035
蛛,2653,3033
褐,2654,3032
颊,2655,3025
奠,2656,3020
募,2657,3018
耽,2658,3005
蹈,2659,3004
陋,2660,2995
侣,2661,2994
魅,2662,2991
岚,2663,2988
侄,2664,2987
虐,2665,2979
堕,2666,2977
陛,2667,2976
莹,2668,2973
荫,2669,2972
狡,2670,2971
阀,2671,2970
绞,2672,2963
膏,2673,2958
垮,2674,2958
茎,2675,2956
缅,2676,2945
喇,2677,2939
绒,2678,2929
搅,2679,2922
凳,2680,2921
梭,2681,2913
丫,2682,2912
姬,2683,2909
诏,2684,2907
钮,2685,2906
棺,2686,2901
耿,2687,2899
缔,2688,2897
懈,2689,2893
嫉,2690,2892
灶,2691,2891
匀,2692,2890
嗣,2693,2889
鸽,2694,2886
澡,2695,2882
凿,2696,2880
纬,2697,2874
沸,2698,2860
畴,2699,2858
刃,2700,2858
遏,2701,2849
烁,2702,2847
嗅,2703,2843
叭,2704,2842
熬,2705,2841
瞥,2706,2840
骸,2707,2836
奢,2708,2835
拙,2709,2833
栋,2710,2830
毯,2711,2827
桐,2712,2821
砂,2713,2820
莽,2714,2816
泻,2715,2816
坪,2716,2815
梳,2717,2806
杉,2718,2805
晤,2719,2805
稚,2720,2803
蔬,2721,2799
蝇,2722,2761
捣,2723,2753
顷,2724,2753
麽,2725,2751
尴,2726,2748
镖,2727,2744
诧,2728,2743
尬,2729,2743
硫,2730,2742
嚼,2731,2739
羡,2732,2739
沦,2733,2738
沪,2734,2737
旷,2735,2731
彬,2736,2724
芽,2737,2717
狸,2738,2715
冥,2739,2715
碳,2740,2711
咧,2741,2707
惕,2742,2698
暑,2743,2697
咯,2744,2694
萝,2745,2694
汹,2746,2684
腥,2747,2677
窥,2748,2673
俺,2749,2671
潭,2750,2665
崎,2751,2662
麟,2752,2659
捡,2753,2653
拯,2754,2650
厥,2755,2650
澄,2756,2649
萎,2757,2647
哉,2758,2647
涡,2759,2644
滔,2760,2642
暇,2761,2641
溯,2762,2639
鳞,2763,2635
酿,2764,2633
茵,2765,2631
愕,2766,2631
瞅,2767,2626
暮,2768,2626
衙,2769,2625
诫,2770,2614
斧,2771,2598
兮,2772,2597
焕,2773,2595
棕,2774,2590
佑,2775,2589
嘶,2776,2587
妓,2777,2582
喧,2778,2579
蓉,2779,2578
删,2780,2577
樱,2781,2572
伺,2782,2570
嗡,2783,2565
娥,2784,2557
梢,2785,2555
坝,2786,2552
蚕,2787,2549
敷,2788,2548
澜,2789,2539
杏,2790,2538
绥,2791,2529
冶,2792,2525
庇,2793,2523
挠,2794,2523
搂,2795,2512
倏,2796,2505
聂,2797,2503
婉,2798,2503
噪,2799,2501
稼,2800,2500
鳍,2801,2491
菱,2802,2489
盏,2803,2486
匿,2804,2479
吱,2805,2478
寝,2806,2475
揽,2807,2474
髓,2808,2474
秉,2809,2472
哺,2810,2466
矢,2811,2466
啪,2812,2452
帜,2813,2452
邵,2814,2445
嗽,2815,2438
挟,2816,2438
缸,2817,2437
揉,2818,2427
腻,2819,2425
驯,2820,2423
缆,2821,2410
晌,2822,2401
瘫,2823,2399
贮,2824,2398
觅,2825,2396
朦,2826,2394
僻,2827,2391
隋,2828,2391
蔓,2829,2390
咋,2830,2389
嵌,2831,2387
虔,2832,2380
畔,2833,2378
琐,2834,2377
碟,2835,2375
涩,2836,2373
胧,2837,2365
嘟,2838,2360
蹦,2839,2358
冢,2840,2357
浏,2841,2355
裔,2842,2350
襟,2843,2346
叨,2844,2344
诀,2845,2341
旭,2846,2341
虾,2847,2338
簿,2848,2333
啤,2849,2332
擒,2850,2328
枣,2851,2319
嘎,2852,2307
苑,2853,2303
牟,2854,2299
呕,2855,2292
骆,2856,2290
凸,2857,2287
熄,2858,2284
兀,2859,2283
喔,2860,2276
裳,2861,2274
凹,2862,2273
赎,2863,2271
屯,2864,2268
膛,2865,2266
浇,2866,2265
灼,2867,2262
裘,2868,2262
砰,2869,2261
棘,2870,2256
橡,2871,2251
碱,2872,2250
聋,2873,2250
姥,2874,2249
瑜,2875,2239
毋,2876,2232
娅,2877,2230
沮,2878,2229
萌,2879,2229
俏,2880,2229
黯,2881,2221
撇,2882,2219
粟,2883,2219
粪,2884,2217
尹,2885,2217
苟,2886,2213
癫,2887,2210
蚂,2888,2206
禹,2889,2199
廖,2890,2197
俭,2891,2193
帖,2892,2191
煎,2893,2183
缕,2894,2181
窦,2895,2181
簇,2896,2173
棱,2897,2168
叩,2898,2165
呐,2899,2163
瑶,2900,2153
墅,2901,2152
莺,2902,2152
烫,2903,2149
蛙,2904,2149
歹,2905,2148
伶,2906,2148
葱,2907,2147
哮,2908,2146
眩,2909,2145
坤,2910,2141
廓,2911,2141
讳,2912,2139
啼,2913,2138
乍,2914,2131
瓣,2915,2127
矫,2916,2126
跋,2917,2124
枉,2918,2124
梗,2919,2121
厕,2920,2118
琢,2921,2117
讥,2922,2114
釉,2923,2113
窟,2924,2109
敛,2925,2107
轼,2926,2100
庐,2927,2097
胚,2928,2093
呻,2929,2092
绰,2930,2089
扼,2931,2087
懿,2932,2086
炯,2933,2084
竿,2934,2083
慷,2935,2078
虞,2936,2072
锤,2937,2071
栓,2938,2068
桨,2939,2067
蚊,2940,2065
磅,2941,2064
孽,2942,2063
惭,2943,2062
戳,2944,2051
禀,2945,2048
鄂,2946,2047
馈,2947,2032
垣,2948,2030
溅,2949,2019
咚,2950,2019
钙,2951,2017
礁,2952,2017
彰,2953,2014
豁,2954,2013
眯,2955,2013
磷,2956,2012
雯,2957,2012
墟,2958,2010
迂,2959,2007
瞻,2960,2005
颅,2961,2004
琉,2962,2000
悼,2963,1997
蝴,2964,1991
拣,2965,1981
渺,2966,1980
眷,2967,1973
悯,2968,1970
汰,2969,1968
慑,2970,1966
婶,2971,1965
斐,2972,1963
嘘,2973,1958
镶,2974,1950
炕,2975,1949
宦,2976,1948
趴,2977,1942
绷,2978,1941
窘,2979,1935
襄,2980,1934
珀,2981,1932
嚣,2982,1930
拚,2983,1929
酌,2984,1928
浊,2985,1924
毓,2986,1924
撼,2987,1922
嗜,2988,1922
扛,2989,1921
峭,2990,1918
磕,2991,1909
翘,2992,1909
槽,2993,1908
淌,2994,1906
栅,2995,1906
颓,2996,1900
熏,2997,1900
瑛,2998,1900
颐,2999,1890
忖,3000,1890
牡,3001,1889
缀,3002,1887
徊,3003,1885
梨,3004,1884
肪,3005,1882
涕,3006,1880
惫,3007,1879
摹,3008,1879
踱,3009,1878
肘,3010,1877
熔,3011,1873
挚,3012,1873
氯,3013,1872
凛,3014,1870
绎,3015,1870
庶,3016,1863
脯,3017,1860
迭,3018,1859
睦,3019,1859
窍,3020,1856
粥,3021,1854
庵,3022,1851
沧,3023,1848
怠,3024,1847
沁,3025,1847
奕,3026,1847
咙,3027,1845
氨,3028,1843
矗,3029,1843
盔,3030,1842
拇,3031,1839
沛,3032,1834
榻,3033,1832
揣,3034,1829
崭,3035,1827
鞘,3036,1825
鞠,3037,1821
垦,3038,1819
洽,3039,1809
唾,3040,1809
橱,3041,1806
仕,3042,1805
蜘,3043,1804
痰,3044,1791
袜,3045,1790
峙,3046,1784
柬,3047,1772
蝉,3048,1771
蟹,3049,1771
谏,3050,1769
鹃,3051,1768
擎,3052,1768
皓,3053,1767
朕,3054,1766
疤,3055,1765
禺,3056,1757
铲,3057,1756
酶,3058,1755
钝,3059,1752
氓,3060,1747
匣,3061,1747
弧,3062,1742
峨,3063,1740
锥,3064,1738
揪,3065,1735
杠,3066,1732
吭,3067,1731
崛,3068,1731
诬,3069,1725
冉,3070,1724
抒,3071,1724
庚,3072,1719
悍,3073,1715
靡,3074,1715
晦,3075,1714
醋,3076,1712
壕,3077,1709
锯,3078,1709
夭,3079,1709
咦,3080,1704
侈,3081,1703
婢,3082,1698
猾,3083,1697
徘,3084,1695
硝,3085,1695
煽,3086,1694
皂,3087,1691
舵,3088,1689
嗦,3089,1689
狈,3090,1688
靴,3091,1688
捂,3092,1687
疮,3093,1681
郝,3094,1681
苛,3095,1679
秽,3096,1676
茜,3097,1675
搓,3098,1673
芸,3099,1671
酱,3100,1668
赁,3101,1668
檐,3102,1667
饷,3103,1664
蕉,3104,1663
铀,3105,1661
苔,3106,1660
赦,3107,1659
缎,3108,1658
舷,3109,1654
筷,3110,1652
朔,3111,1645
婪,3112,1642
紊,3113,1639
厮,3114,1636
婿,3115,1635
寥,3116,1633
兢,3117,1632
糙,3118,1631
卦,3119,1628
槐,3120,1627
扒,3121,1623
裴,3122,1622
祀,3123,1621
埔,3124,1618
絮,3125,1617
芭,3126,1615
屉,3127,1612
痪,3128,1611
霄,3129,1611
绽,3130,1607
宵,3131,1604
邑,3132,1604
霖,3133,1602
岔,3134,1599
饵,3135,1596
茄,3136,1596
韧,3137,1593
琪,3138,1592
邹,3139,1591
瑚,3140,1590
憋,3141,1588
殆,3142,1588
噜,3143,1587
忒,3144,1579
忿,3145,1578
衅,3146,1578
淳,3147,1577
悖,3148,1576
髦,3149,1575
孜,3150,1573
粤,3151,1572
隘,3152,1570
濒,3153,1569
铮,3154,1565
畸,3155,1562
剔,3156,1559
坞,3157,1559
篱,3158,1558
淀,3159,1557
蓦,3160,1555
唬,3161,1554
锣,3162,1552
汀,3163,1552
趾,3164,1552
缉,3165,1549
嫦,3166,1549
斟,3167,1547
鞍,3168,1545
扳,3169,1540
拴,3170,1537
诅,3171,1535
谟,3172,1534
呃,3173,1532
懦,3174,1531
逞,3175,1530
犁,3176,1530
忏,3177,1530
拧,3178,1529
亥,3179,1528
佟,3180,1528
叱,3181,1528
舜,3182,1527
绊,3183,1525
龚,3184,1525
腮,3185,1522
邸,3186,1521
椒,3187,1518
蔚,3188,1518
湛,3189,1514
狩,3190,1514
眶,3191,1511
栈,3192,1507
薇,3193,1504
肮,3194,1499
瀑,3195,1497
渣,3196,1495
褂,3197,1493
叽,3198,1492
臀,3199,1489
妞,3200,1487
巍,3201,1485
唔,3202,1481
疚,3203,1480
鲤,3204,1479
戎,3205,1479
肇,3206,1478
笃,3207,1473
辙,3208,1466
娴,3209,1466
阮,3210,1465
札,3211,1465
懊,3212,1462
焘,3213,1461
恤,3214,1459
疹,3215,1458
潇,3216,1457
铝,3217,1453
涤,3218,1452
恃,3219,1445
喽,3220,1445
砌,3221,1442
遁,3222,1436
楞,3223,1436
阱,3224,1433
咎,3225,1431
洼,3226,1430
炳,3227,1429
噬,3228,1419
枫,3229,1418
拷,3230,1418
哆,3231,1417
矶,3232,1417
苇,3233,1416
翩,3234,1414
窒,3235,1413
侬,3236,1412
靶,3237,1411
胰,3238,1411
芜,3239,1409
辫,3240,1408
嚎,3241,1408
妾,3242,1408
幌,3243,1403
踉,3244,1403
佃,3245,1401
葫,3246,1399
皖,3247,1396
拽,3248,1396
滤,3249,1394
睬,3250,1392
俞,3251,1388
匕,3252,1388
谤,3253,1387
嗤,3254,1387
捍,3255,1385
孵,3256,1383
倪,3257,1380
瘾,3258,1379
敝,3259,1378
匡,3260,1378
磋,3261,1377
绫,3262,1377
淆,3263,1375
尧,3264,1375
蕊,3265,1373
烘,3266,1371
璋,3267,1371
亢,3268,1367
轧,3269,1367
赂,3270,1362
蝗,3271,1360
榆,3272,1360
骏,3273,1358
诛,3274,1358
勺,3275,1357
梵,3276,1355
炽,3277,1354
笠,3278,1354
颌,3279,1353
闸,3280,1352
狒,3281,1349
樊,3282,1346
镕,3283,1342
垢,3284,1341
瘟,3285,1341
缪,3286,1341
菇,3287,1339
琦,3288,1338
剃,3289,1337
迸,3290,1329
溺,3291,1329
炫,3292,1329
惚,3293,1327
嗨,3294,1326
陨,3295,1324
赃,3296,1321
羁,3297,1320
臻,3298,1318
嘀,3299,1318
膳,3300,1315
赣,3301,1312
踌,3302,1310
殉,3303,1310
桔,3304,1309
瞿,3305,1309
闽,3306,1307
豚,3307,1305
掺,3308,1303
沌,3309,1303
惰,3310,1302
喳,3311,1302
椭,3312,1301
咪,3313,1298
霎,3314,1296
侃,3315,1295
猝,3316,1293
窖,3317,1292
戮,3318,1292
祠,3319,1291
瞩,3320,1284
菁,3321,1284
躇,3322,1283
佬,3323,1283
肋,3324,1282
咄,3325,1282
忡,3326,1273
雍,3327,1272
忱,3328,1268
蕾,3329,1268
跄,3330,1265
硅,3331,1264
伎,3332,1264
炊,3333,1262
钊,3334,1261
蝠,3335,1259
屎,3336,1257
拭,3337,1257
谛,3338,1257
褪,3339,1256
丞,3340,1254
卉,3341,1253
隧,3342,1252
茸,3343,1247
钳,3344,1243
啃,3345,1242
伢,3346,1242
闺,3347,1236
舔,3348,1236
蹬,3349,1233
挛,3350,1230
眺,3351,1230
袱,3352,1227
陇,3353,1225
殴,3354,1221
柿,3355,1221
梧,3356,1218
惺,3357,1216
弛,3358,1215
侥,3359,1215
琛,3360,1215
捅,3361,1211
酝,3362,1206
薯,3363,1204
曳,3364,1203
澈,3365,1202
锈,3366,1198
稠,3367,1194
眸,3368,1193
咆,3369,1191
簧,3370,1190
鸥,3371,1189
疡,3372,1189
渎,3373,1186
汲,3374,1183
嬉,3375,1183
脓,3376,1180
骡,3377,1178
穗,3378,1178
槛,3379,1176
拎,3380,1176
巳,3381,1176
邢,3382,1176
廿,3383,1175
搀,3384,1172
曙,3385,1171
樵,3386,1169
隅,3387,1167
筛,3388,1166
谒,3389,1163
倭,3390,1160
痹,3391,1158
猖,3392,1157
佯,3393,1154
肛,3394,1147
奚,3395,1147
甭,3396,1146
抨,3397,1146
蛾,3398,1145
唠,3399,1143
荧,3400,1142
嵩,3401,1142
漱,3402,1139
酋,3403,1138
攘,3404,1138
诘,3405,1138
篡,3406,1137
睿,3407,1134
噩,3408,1133
怅,3409,1132
盎,3410,1131
徙,3411,1131
鞅,3412,1130
漓,3413,1127
祟,3414,1127
睫,3415,1126
攸,3416,1126
翎,3417,1125
呛,3418,1120
筐,3419,1119
堑,3420,1119
檀,3421,1119
寅,3422,1117
磊,3423,1114
驭,3424,1114
惘,3425,1114
吠,3426,1113
驮,3427,1111
瑙,3428,1108
炬,3429,1107
痉,3430,1106
曝,3431,1105
恺,3432,1105
胺,3433,1103
萤,3434,1103
敕,3435,1103
筝,3436,1100
幡,3437,1097
霹,3438,1095
竺,3439,1095
烙,3440,1093
毗,3441,1093
鸠,3442,1092
埠,3443,1091
蒜,3444,1091
阜,3445,1089
嘈,3446,1087
乒,3447,1086
帷,3448,1086
啄,3449,1084
鳌,3450,1083
毡,3451,1082
阙,3452,1082
褥,3453,1081
搔,3454,1080
笋,3455,1079
冕,3456,1078
狞,3457,1078
韶,3458,1078
骼,3459,1078
蔼,3460,1075
烹,3461,1074
奄,3462,1073
嫖,3463,1073
沐,3464,1072
噗,3465,1070
岑,3466,1069
蛟,3467,1069
掳,3468,1067
咏,3469,1067
弩,3470,1067
捻,3471,1066
圃,3472,1066
孚,3473,1066
悴,3474,1064
诣,3475,1063
呱,3476,1063
祁,3477,1062
捶,3478,1061
钠,3479,1061
袄,3480,1057
澎,3481,1056
氮,3482,1055
恪,3483,1055
雏,3484,1052
撮,3485,1049
堰,3486,1049
彷,3487,1049
鹦,3488,1049
晖,3489,1046
犀,3490,1044
腑,3491,1043
沽,3492,1043
橄,3493,1043
掐,3494,1042
亵,3495,1042
龋,3496,1040
嗒,3497,1038
咀,3498,1037
祺,3499,1034
锚,3500,1033
匾,3501,1033
乓,3502,1032
萃,3503,1032
贻,3504,1032
揖,3505,1031
觑,3506,1031
吝,3507,1030
憔,3508,1030
羌,3509,1029
诲,3510,1028
砾,3511,1028
蠕,3512,1028
肴,3513,1026
撩,3514,1025
坍,3515,1015
酥,3516,1014
袅,3517,1012
黝,3518,1010
俾,3519,1007
嫣,3520,1005
穹,3521,1004
秧,3522,1003
妊,3523,1001
溉,3524,1000
鹊,3525,999
聿,3526,999
疙,3527,998
蘑,3528,998
睾,3529,996
楷,3530,994
酵,3531,992
茹,3532,992
锌,3533,992
滇,3534,991
辗,3535,990
纂,3536,990
圭,3537,988
幔,3538,988
褒,3539,987
揍,3540,986
诽,3541,985
倔,3542,985
腓,3543,984
颉,3544,984
锄,3545,981
嗔,3546,979
磺,3547,978
攒,3548,977
瘩,3549,974
雳,3550,974
吆,3551,973
悚,3552,973
墩,3553,972
彝,3554,972
囱,3555,968
逍,3556,968
辄,3557,967
桅,3558,966
俨,3559,966
纶,3560,965
悸,3561,964
殃,3562,964
帧,3563,962
俐,3564,960
绮,3565,958
袒,3566,957
籽,3567,957
孰,3568,956
愫,3569,952
拌,3570,950
橙,3571,946
暨,3572,946
敖,3573,945
赘,3574,945
抉,3575,944
淤,3576,943
剌,3577,943
娼,3578,943
顼,3579,942
葵,3580,941
哝,3581,941
酣,3582,939
麓,3583,939
钵,3584,938
琅,3585,938
簸,3586,937
禾,3587,936
铢,3588,936
璧,3589,929
娠,3590,928
彗,3591,926
惋,3592,925
腋,3593,925
螂,3594,925
阪,3595,924
掣,3596,922
劾,3597,922
沥,3598,918
粱,3599,918
嚓,3600,918
惮,3601,916
氖,3602,915
捎,3603,913
羔,3604,911
俟,3605,910
渲,3606,906
榄,3607,905
茧,3608,904
霓,3609,903
鹉,3610,901
胥,3611,901
琶,3612,900
撬,3613,900
橘,3614,900
拈,3615,898
笆,3616,896
痊,3617,893
亟,3618,893
渭,3619,892
狙,3620,891
珂,3621,889
刨,3622,888
蜕,3623,886
谚,3624,884
憧,3625,883
瞟,3626,883
馒,3627,881
拗,3628,881
帚,3629,878
钗,3630,878
哧,3631,877
喋,3632,877
箫,3633,874
刁,3634,871
怦,3635,869
缭,3636,867
迥,3637,866
湄,3638,866
磐,3639,864
渝,3640,864
冗,3641,863
闵,3642,863
噶,3643,862
黏,3644,862
蕃,3645,860
弼,3646,858
驿,3647,858
淄,3648,857
饺,3649,856
踞,3650,854
韬,3651,854
婷,3652,853
唆,3653,852
蜒,3654,852
偎,3655,850
榨,3656,849
漉,3657,849
碉,3658,848
皈,3659,848
矜,3660,848
笈,3661,847
枷,3662,845
鲨,3663,845
蹑,3664,844
瀚,3665,842
酪,3666,840
谑,3667,840
癖,3668,840
烬,3669,837
揩,3670,837
炙,3671,837
蜷,3672,837
侏,3673,836
凋,3674,835
漪,3675,833
悻,3676,832
蹋,3677,826
讪,3678,826
搐,3679,823
碘,3680,823
帛,3681,822
诠,3682,821
碾,3683,820
擂,3684,819
苯,3685,816
诃,3686,814
铎,3687,813
戊,3688,811
荀,3689,811
驹,3690,810
攫,3691,810
憬,3692,809
哽,3693,805
踵,3694,805
蟒,3695,804
漾,3696,803
啧,3697,802
吮,3698,800
楠,3699,800
氟,3700,800
怂,3701,799
叼,3702,797
竣,3703,794
偕,3704,794
漩,3705,794
蹭,3706,793
翌,3707,793
臆,3708,792
挝,3709,792
绚,3710,790
崽,3711,790
糜,3712,789
瘢,3713,788
跤,3714,787
阑,3715,786
恬,3716,786
豢,3717,785
汶,3718,783
跷,3719,783
琵,3720,781
憨,3721,780
蜗,3722,780
螅,3723,779
惴,3724,777
戟,3725,775
匮,3726,773
恙,3727,772
抿,3728,771
桢,3729,771
笺,3730,770
蛤,3731,769
瞳,3732,769
瓢,3733,766
秤,3734,765
跺,3735,765
潦,3736,765
芹,3737,765
哒,3738,764
饬,3739,763
栩,3740,762
曦,3741,761
骷,3742,760
嫡,3743,758
卤,3744,758
丕,3745,758
鬓,3746,758
梓,3747,755
嗖,3748,753
惦,3749,752
浚,3750,752
咔,3751,751
藐,3752,750
荃,3753,750
唧,3754,749
玺,3755,749
汛,3756,748
铐,3757,748
髅,3758,747
渤,3759,745
皿,3760,745
箍,3761,743
馅,3762,742
汾,3763,741
戍,3764,741
痔,3765,741
褶,3766,740
聆,3767,739
涎,3768,738
汞,3769,738
渍,3770,737
奂,3771,737
巅,3772,737
疣,3773,737
傩,3774,736
逵,3775,736
耆,3776,735
蟋,3777,734
鳄,3778,734
讹,3779,729
膺,3780,726
蹿,3781,724
筏,3782,722
釜,3783,722
沂,3784,722
坯,3785,720
峦,3786,718
茬,3787,717
摒,3788,717
蟀,3789,717
撵,3790,716
浒,3791,715
缤,3792,715
嵋,3793,713
珑,3794,713
苞,3795,712
瑾,3796,710
泵,3797,709
钾,3798,709
暧,3799,709
赓,3800,706
叟,3801,703
佚,3802,702
沓,3803,699
撂,3804,698
蛊,3805,696
甥,3806,696
璐,3807,696
晏,3808,696
瘪,3809,694
漳,3810,694
阉,3811,692
蹂,3812,691
鳃,3813,690
琏,3814,690
湃,3815,689
辘,3816,689
僭,3817,688
躏,3818,688
鼾,3819,688
懵,3820,685
镰,3821,684
寐,3822,684
褚,3823,684
攥,3824,683
涧,3825,681
蝙,3826,679
脐,3827,677
辕,3828,675
涣,3829,674
杞,3830,674
煜,3831,674
骥,3832,674
傣,3833,672
嗳,3834,672
祯,3835,672
酉,3836,671
秸,3837,670
捺,3838,670
瑕,3839,670
鑫,3840,670
馋,3841,669
窿,3842,668
楔,3843,667
胱,3844,667
荔,3845,665
蟆,3846,664
湍,3847,663
屹,3848,663
遐,3849,663
轲,3850,663
镯,3851,662
缰,3852,661
桦,3853,660
炖,3854,660
钡,3855,659
羚,3856,659
啬,3857,659
诩,3858,659
绯,3859,658
掖,3860,656
箓,3861,656
涸,3862,655
鸳,3863,654
塾,3864,654
呸,3865,653
抡,3866,652
擞,3867,652
熹,3868,652
坷,3869,649
瓮,3870,648
亘,3871,648
嗟,3872,648
筵,3873,648
跛,3874,648
汕,3875,647
欤,3876,646
壑,3877,643
颍,3878,642
溥,3879,640
姗,3880,640
踊,3881,639
枭,3882,638
暄,3883,638
稷,3884,638
跚,3885,638
涟,3886,636
瀛,3887,636
笙,3888,636
滕,3889,635
踝,3890,635
贰,3891,634
瞰,3892,634
恻,3893,632
嚏,3894,631
迢,3895,629
獗,3896,629
邯,3897,628
睑,3898,628
赡,3899,627
萦,3900,627
珥,3901,627
酮,3902,626
璞,3903,625
羹,3904,624
缄,3905,623
晾,3906,622
俸,3907,622
媲,3908,622
鸾,3909,622
恿,3910,621
蜿,3911,621
犊,3912,620
讷,3913,620
扈,3914,620
蜈,3915,620
翟,3916,619
藕,3917,619
戌,3918,619
蓓,3919,619
鋆,3920,619
谩,3921,618
谀,3922,618
卯,3923,617
谙,3924,617
岐,3925,617
蝎,3926,616
荼,3927,616
镀,3928,615
椰,3929,615
甄,3930,615
蟾,3931,615
蹊,3932,615
泞,3933,614
撸,3934,614
螃,3935,614
檬,3936,613
猓,3937,612
蔷,3938,611
羲,3939,611
瘸,3940,609
蘸,3941,609
蔗,3942,607
傀,3943,606
蚌,3944,605
锢,3945,605
遽,3946,604
邃,3947,604
恚,3948,604
皑,3949,602
锵,3950,602
簌,3951,602
焙,3952,601
昊,3953,601
鹳,3954,601
睽,3955,600
刽,3956,599
鳖,3957,598
噎,3958,598
呗,3959,598
寰,3960,598
唷,3961,597
殡,3962,597
淖,3963,596
诰,3964,596
恣,3965,596
睐,3966,596
婵,3967,595
榈,3968,595
氦,3969,594
靳,3970,592
蛹,3971,592
鸯,3972,591
惬,3973,591
蹙,3974,591
诙,3975,590
眈,3976,590
罡,3977,590
缮,3978,589
胤,3979,589
皋,3980,588
蛀,3981,588
偌,3982,587
疵,3983,586
绛,3984,586
葆,3985,583
黔,3986,582
喙,3987,582
烽,3988,581
儡,3989,581
佼,3990,581
斓,3991,581
嫔,3992,579
颚,3993,579
龈,3994,579
盅,3995,578
娓,3996,578
坂,3997,576
町,3998,576
芥,3999,575
瘠,4000,575
阂,4001,574
挎,4002,574
橇,4003,574
荟,4004,574
啜,4005,574
垛,4006,573
淇,4007,573
瓒,4008,573
篓,4009,572
虱,4010,572
跻,4011,572
龛,4012,571
蹒,4013,571
髯,4014,571
瞠,4015,568
痫,4016,568
掂,4017,567
潼,4018,567
酰,4019,567
镁,4020,567
灸,4021,566
腆,4022,566
筱,4023,566
谆,4024,565
骋,4025,564
壬,4026,564
茗,4027,564
椋,4028,564
蛔,4029,563
潺,4030,562
扉,4031,561
耘,4032,560
槟,4033,559
雹,4034,558
甬,4035,558
谥,4036,557
淞,4037,557
燎,4038,556
蕙,4039,556
蚪,4040,556
蜻,4041,555
郸,4042,554
轶,4043,554
狰,4044,553
楣,4045,553
捋,4046,552
涓,4047,552
荪,4048,552
娄,4049,551
麝,4050,551
蚤,4051,548
薰,4052,548
醮,4053,548
搪,4054,547
谧,4055,546
湮,4056,546
辍,4057,546
瞌,4058,546
梆,4059,545
樟,4060,545
茉,4061,545
岖,4062,544
臼,4063,543
癣,4064,543
穑,4065,543
玷,4066,541
馍,4067,540
呷,4068,539
萼,4069,538
妩,4070,538
伫,4071,537
彤,4072,536
莓,4073,535
岬,4074,535
媛,4075,535
惆,4076,534
鳎,4077,534
啾,4078,533
囔,4079,533
蜓,4080,533
孺,4081,532
徇,4082,531
徵,4083,531
焊,4084,530
岱,4085,530
昵,4086,530
卅,4087,529
飙,4088,529
邙,4089,529
痞,4090,527
隼,4091,527
恫,4092,526
怆,4093,525
桀,4094,525
绶,4095,524
裆,4096,523
盂,4097,522
桧,4098,522
蚓,4099,521
抠,4100,520
嗷,4101,520
槌,4102,520
痘,4103,519
痢,4104,519
芮,4105,519
蚣,4106,519
闩,4107,517
铿,4108,517
飓,4109,516
疱,4110,514
蝌,4111,514
撅,4112,513
蚯,4113,513
斡,4114,512
窠,4115,512
荚,4116,511
耷,4117,510
砚,4118,509
牒,4119,509
赈,4120,508
煦,4121,508
嗫,4122,507
耙,4123,506
榕,4124,505
鞑,4125,505
袤,4126,503
谌,4127,503
醺,4128,503
秆,4129,502
徨,4130,501
橹,4131,501
翡,4132,501
缨,4133,500
锹,4134,499
嵇,4135,498
圪,4136,497
髻,4137,494
嗬,4138,493
辎,4139,492
痣,4140,492
娩,4141,491
谄,4142,491
蛐,4143,491
鹞,4144,490
翱,4145,489
庖,4146,488
籁,4147,487
蓿,4148,486
鳗,4149,486
疟,4150,485
鲇,4151,484
嚅,4152,482
瘀,4153,482
颔,4154,482
黜,4155,482
黠,4156,482
濑,4157,480
馁,4158,479
洵,4159,479
忐,4160,479
忑,4161,478
砥,4162,478
咂,4163,476
罹,4164,476
糠,4165,475
匝,4166,474
偃,4167,474
淙,4168,474
纫,4169,473
喏,4170,473
闾,4171,473
祛,4172,473
蛰,4173,472
腼,4174,472
涝,4175,471
曜,4176,471
厩,4177,470
疽,4178,470
闰,4179,470
洄,4180,470
煊,4181,470
汐,4182,469
藓,4183,469
璜,4184,469
铬,4185,469
渥,4186,468
靼,4187,468
酗,4188,467
苓,4189,467
噤,4190,467
咫,4191,466
椿,4192,465
鲫,4193,464
锭,4194,461
罔,4195,461
锺,4196,461
匍,4197,460
祗,4198,460
锰,4199,459
岌,4200,458
馀,4201,457
畹,4202,457
糯,4203,455
胫,4204,455
熠,4205,455
銮,4206,455
沅,4207,454
棣,4208,454
旌,4209,454
豌,4210,453
孢,4211,453
镭,4212,452
驸,4213,452
腌,4214,452
盹,4215,452
熵,4216,452
镐,4217,451
馐,4218,451
嘤,4219,450
癞,4220,450
骰,4221,450
韭,4222,449
阖,4223,449
瞑,4224,449
裨,4225,449
宕,4226,448
戾,4227,448
镌,4228,448
溟,4229,447
牍,4230,447
隽,4231,447
婊,4232,445
鹄,4233,445
埂,4234,444
拄,4235,444
娲,4236,443
虬,4237,443
萱,4238,442
啵,4239,441
蠡,4240,441
芋,4241,440
胭,4242,439
豺,4243,438
啻,4244,437
褛,4245,437
蛆,4246,435
柠,4247,434
掰,4248,434
篆,4249,433
倌,4250,432
咛,4251,432
蛭,4252,432
谡,4253,431
荨,4254,431
莞,4255,431
澹,4256,431
纭,4257,431
潞,4258,430
郅,4259,429
弋,4260,428
飕,4261,428
螳,4262,428
胄,4263,427
蟑,4264,427
猥,4265,426
宓,4266,426
昙,4267,426
锏,4268,426
蟠,4269,426
柑,4270,425
烯,4271,425
匐,4272,425
濮,4273,425
蟮,4274,425
祐,4275,424
仄,4276,424
偈,4277,424
蜃,4278,424
箴,4279,424
粼,4280,424
嗥,4281,423
褴,4282,423
蕨,4283,422
蓟,4284,421
圩,4285,421
孪,4286,420
杳,4287,420
魇,4288,420
荤,4289,419
诿,4290,419
簪,4291,419
氲,4292,418
摞,4293,417
飒,4294,417
镂,4295,417
舀,4296,415
夙,4297,415
臧,4298,413
蒿,4299,412
貂,4300,412
蜥,4301,411
蹩,4302,411
噼,4303,410
钛,4304,410
钚,4305,409
獾,4306,408
濂,4307,408
铠,4308,408
皙,4309,408
霭,4310,408
鲈,4311,408
叵,4312,407
霾,4313,407
泯,4314,406
碴,4315,405
鸵,4316,405
峪,4317,404
饕,4318,403
瘁,4319,402
睢,4320,402
鬃,4321,401
迩,4322,401
纣,4323,401
夔,4324,400
垠,4325,399
饨,4326,399
榭,4327,399
隍,4328,398
娑,4329,398
篝,4330,398
榔,4331,397
洌,4332,397
浜,4333,397
鲑,4334,397
谔,4335,396
汩,4336,396
浣,4337,396
舐,4338,396
瞭,4339,395
忻,4340,395
咻,4341,394
鹑,4342,394
唑,4343,394
懋,4344,393
皎,4345,393
诒,4346,392
麾,4347,391
辏,4348,390
氐,4349,389
冽,4350,389
箕,4351,388
俚,4352,387
汴,4353,386
宸,4354,386
芍,4355,385
捱,4356,385
摈,4357,384
摺,4358,384
簦,4359,384
箔,4360,383
咝,4361,383
孀,4362,382
怏,4363,381
谝,4364,380
砧,4365,379
馕,4366,379
耄,4367,379
罂,4368,379
漕,4369,379
沣,4370,378
栾,4371,378
榘,4372,378
烷,4373,378
榷,4374,375
俑,4375,375
沱,4376,375
缜,4377,375
鹫,4378,375
蛳,4379,374
剽,4380,373
衢,4381,373
泗,4382,373
臊,4383,372
瘴,4384,371
酚,4385,370
纾,4386,370
晁,4387,370
孛,4388,368
炀,4389,368
叁,4390,367
憩,4391,366
掬,4392,365
椤,4393,365
啮,4394,364
畿,4395,364
掸,4396,363
镣,4397,363
骁,4398,363
椽,4399,362
侗,4400,362
滦,4401,361
荩,4402,361
泓,4403,361
蚱,4404,361
癜,4405,361
酯,4406,361
癸,4407,360
蚜,4408,360
扪,4409,360
庑,4410,360
歆,4411,360
蝮,4412,360
蹶,4413,360
弈,4414,358
庋,4415,357
喟,4416,356
滂,4417,356
啕,4418,355
蛎,4419,355
獭,4420,354
槁,4421,354
翊,4422,354
龊,4423,354
邺,4424,353
莘,4425,353
燮,4426,353
剁,4427,352
觐,4428,352
铛,4429,352
谗,4430,351
镍,4431,351
臃,4432,351
墒,4433,350
晔,4434,350
燔,4435,350
嘭,4436,349
涿,4437,349
醯,4438,349
箩,4439,348
鄱,4440,347
睨,4441,347
诤,4442,346
坳,4443,346
鹭,4444,346
砷,4445,346
唏,4446,345
伲,4447,343
猬,4448,343
琥,4449,343
殁,4450,343
蚩,4451,343
泾,4452,342
缥,4453,341
殓,4454,340
鳅,4455,340
氰,4456,339
诋,4457,339
刍,4458,339
芷,4459,339
嶙,4460,339
逅,4461,339
舫,4462,339
呓,4463,338
唰,4464,338
茁,4465,337
馑,4466,337
妫,4467,337
骧,4468,337
苷,4469,336
擢,4470,336
峋,4471,336
袂,4472,336
懑,4473,335
蓑,4474,334
涞,4475,333
祉,4476,333
踹,4477,333
掇,4478,331
沏,4479,331
诳,4480,331
噫,4481,331
饽,4482,331
饪,4483,330
绺,4484,330
谘,4485,329
飧,4486,328
迳,4487,328
铡,4488,327
枞,4489,326
熨,4490,325
鋈,4491,324
荭,4492,324
赊,4493,323
俦,4494,323
戛,4495,323
湎,4496,322
幺,4497,322
凇,4498,321
芪,4499,321
觯,4500,321
龌,4501,321
挞,4502,320
嬴,4503,320
苻,4504,320
嘁,4505,320
鞯,4506,320
肽,4507,319
恸,4508,318
迨,4509,317
钰,4510,317
儆,4511,316
觎,4512,315
讫,4513,315
滓,4514,314
僮,4515,314
媾,4516,314
龇,4517,314
胯,4518,313
涮,4519,313
绾,4520,313
杈,4521,313
赳,4522,313
斛,4523,313
觥,4524,313
疸,4525,313
卞,4526,312
愠,4527,312
拮,4528,311
庠,4529,311
烨,4530,311
龢,4531,311
菠,4532,310
窈,4533,310
罄,4534,309
囤,4535,308
弁,4536,308
奘,4537,308
咣,4538,308
缫,4539,308
腴,4540,308
缈,4541,307
喵,4542,306
潢,4543,306
遛,4544,306
柚,4545,306
郏,4546,305
荻,4547,305
藜,4548,305
琨,4549,305
镳,4550,304
雉,4551,303
橐,4552,302
骈,4553,301
蛉,4554,301
艮,4555,301
搽,4556,300
濡,4557,300
寮,4558,300
柩,4559,300
佗,4560,299
啷,4561,299
诜,4562,298
偻,4563,297
夯,4564,296
闱,4565,296
谖,4566,295
夥,4567,295
枸,4568,295
膑,4569,295
虻,4570,295
筠,4571,295
埽,4572,294
笞,4573,294
臾,4574,294
婀,4575,293
珞,4576,292
粑,4577,292
怵,4578,291
绻,4579,291
殒,4580,291
觊,4581,291
崂,4582,291
颧,4583,290
嗑,4584,290
榛,4585,290
昱,4586,290
蜴,4587,289
鳝,4588,289
噙,4589,288
淼,4590,288
矾,4591,287
硼,4592,287
囿,4593,287
泅,4594,286
邂,4595,286
钜,4596,286
蠹,4597,286
垩,4598,285
乩,4599,283
嗝,4600,283
淦,4601,283
樽,4602,282
诮,4603,280
揆,4604,279
啐,4605,279
淅,4606,279
榉,4607,279
馗,4608,278
辔,4609,278
暹,4610,278
骛,4611,278
鱿,4612,278
苫,4613,277
犷,4614,277
獠,4615,277
詈,4616,277
竦,4617,277
篙,4618,276
诨,4619,276
铰,4620,275
馄,4621,275
蜚,4622,275
峒,4623,275
滢,4624,275
琬,4625,274
靓,4626,274
狻,4627,273
璨,4628,273
犟,4629,273
鸬,4630,272
螨,4631,272
芩,4632,271
嘹,4633,271
锟,4634,271
蜇,4635,271
洹,4636,270
栉,4637,270
俪,4638,269
钍,4639,269
锨,4640,268
瑁,4641,268
壹,4642,267
痿,4643,267
竑,4644,267
粕,4645,266
犄,4646,266
瘙,4647,266
饯,4648,265
抟,4649,265
衲,4650,265
踮,4651,264
龅,4652,264
愎,4653,262
馥,4654,262
梏,4655,261
讣,4656,260
邝,4657,260
艿,4658,260
趺,4659,260
鲟,4660,260
剜,4661,259
绉,4662,259
罅,4663,259
笥,4664,259
衩,4665,258
姣,4666,257
斫,4667,257
鹗,4668,257
爻,4669,256
猕,4670,256
晗,4671,256
铩,4672,256
窕,4673,256
仨,4674,255
搡,4675,255
崴,4676,255
酢,4677,255
檄,4678,254
佞,4679,254
璀,4680,254
岷,4681,253
舛,4682,253
邕,4683,253
闿,4684,253
铂,4685,252
霁,4686,252
犒,4687,251
馏,4688,250
阈,4689,250
麋,4690,250
麒,4691,250
苁,4692,249
摁,4693,249
涔,4694,249
宥,4695,249
妍,4696,249
铤,4697,249
锷,4698,249
嗲,4699,248
恽,4700,248
麂,4701,248
赝,4702,247
胛,4703,247
哂,4704,246
撷,4705,245
呶,4706,245
噘,4707,245
懔,4708,245
栎,4709,245
桎,4710,245
霰,4711,245
飨,4712,245
揄,4713,244
噔,4714,244
娣,4715,244
薏,4716,243
忝,4717,243
咤,4718,243
嗵,4719,242
迤,4720,242
贲,4721,242
胪,4722,242
鍪,4723,242
泸,4724,242
蔫,4725,241
刈,4726,241
僖,4727,241
咿,4728,241
鹌,4729,241
嗪,4730,240
茏,4731,239
茯,4732,239
岫,4733,239
嵘,4734,239
轱,4735,239
怼,4736,239
铨,4737,239
昕,4738,237
郢,4739,236
咩,4740,236
馊,4741,236
髡,4742,236
澧,4743,236
苣,4744,235
濯,4745,235
盥,4746,235
囡,4747,234
砺,4748,234
佘,4749,233
谶,4750,233
弑,4751,233
楂,4752,233
翦,4753,233
怩,4754,232
蠼,4755,232
霏,4756,232
楹,4757,232
讴,4758,231
锲,4759,231
慵,4760,230
胝,4761,230
砭,4762,230
潍,4763,229
杵,4764,229
樾,4765,229
帼,4766,228
碣,4767,228
诌,4768,227
徕,4769,227
胴,4770,227
钴,4771,227
裟,4772,227
啶,4773,227
铣,4774,226
铱,4775,226
楫,4776,226
赭,4777,226
碛,4778,225
酊,4779,225
魑,4780,225
醛,4781,225
剐,4782,224
畦,4783,224
陂,4784,224
闶,4785,224
阄,4786,224
祚,4787,223
鹘,4788,223
泱,4789,222
趄,4790,222
骅,4791,222
陲,4792,222
郧,4793,221
倜,4794,221
呤,4795,221
燧,4796,221
铉,4797,221
粲,4798,220
骶,4799,220
峁,4800,219
忸,4801,219
渌,4802,219
骞,4803,219
髭,4804,219
戡,4805,219
钨,4806,218
谲,4807,218
苋,4808,218
锃,4809,218
蜊,4810,218
幄,4811,217
闼,4812,217
戕,4813,217
骊,4814,217
虢,4815,217
烩,4816,216
傥,4817,216
妲,4818,216
绌,4819,216
桠,4820,216
袈,4821,216
薮,4822,215
揿,4823,215
杲,4824,215
肓,4825,215
厝,4826,214
莅,4827,214
氤,4828,214
缙,4829,214
衮,4830,213
诟,4831,213
旖,4832,213
硒,4833,213
唁,4834,212
嬗,4835,212
硎,4836,212
裱,4837,212
颦,4838,212
靥,4839,211
纥,4840,211
煨,4841,211
礴,4842,211
鏖,4843,211
蝈,4844,210
笏,4845,210
羿,4846,210
鼐,4847,209
湟,4848,209
甑,4849,209
炜,4850,209
煲,4851,209
锉,4852,209
笕,4853,209
喑,4854,208
嶂,4855,208
浔,4856,208
弭,4857,208
妪,4858,208
锂,4859,208
苡,4860,207
孳,4861,207
颏,4862,207
醴,4863,207
渚,4864,206
轭,4865,206
鹬,4866,206
蚝,4867,206
膘,4868,205
邛,4869,205
痨,4870,205
褡,4871,205
耦,4872,205
覃,4873,205
馔,4874,204
篾,4875,204
兖,4876,203
阋,4877,203
遨,4878,203
爰,4879,203
痂,4880,203
艄,4881,203
耨,4882,203
沤,4883,202
邋,4884,202
焓,4885,202
秣,4886,202
昶,4887,202
窣,4888,200
绦,4889,200
俎,4890,200
榫,4891,199
蟪,4892,199
稗,4893,198
謇,4894,198
氩,4895,198
锴,4896,198
龉,4897,198
烃,4898,198
俣,4899,197
嬷,4900,197
肱,4901,197
鸢,4902,197
笫,4903,197
痤,4904,197
菏,4905,196
莆,4906,196
芨,4907,196
阕,4908,196
砣,4909,196
碜,4910,196
鼹,4911,196
猷,4912,195
竽,4913,195
舸,4914,195
诓,4915,194
錾,4916,194
淬,4917,193
隗,4918,193
悌,4919,193
姘,4920,193
槭,4921,193
邈,4922,193
婕,4923,193
歙,4924,192
稹,4925,192
蹴,4926,192
砒,4927,191
痈,4928,191
镏,4929,191
羯,4930,191
豕,4931,191
鲂,4932,191
蓖,4933,190
匦,4934,190
笤,4935,190
峥,4936,189
徭,4937,189
浃,4938,189
烊,4939,189
窸,4940,188
酆,4941,188
缢,4942,188
褓,4943,188
蚨,4944,188
翳,4945,188
趔,4946,188
炔,4947,187
誊,4948,187
赜,4949,187
仃,4950,187
勖,4951,187
葺,4952,187
蚴,4953,187
泷,4954,187
蛴,4955,187
媸,4956,186
俳,4957,185
诖,4958,185
茑,4959,185
逡,4960,185
孱,4961,185
砦,4962,185
跸,4963,185
祜,4964,185
伉,4965,184
溴,4966,184
屐,4967,184
飚,4968,184
蛞,4969,184
掮,4970,183
崆,4971,183
庾,4972,183
橛,4973,183
矸,4974,183
鸨,4975,183
圻,4976,183
缂,4977,183
蒯,4978,183
诹,4979,182
啭,4980,182
饧,4981,182
镉,4982,182
鸪,4983,182
蛩,4984,182
蠖,4985,182
劭,4986,181
哐,4987,181
崧,4988,181
杼,4989,181
棂,4990,181
螫,4991,181
龃,4992,181
饔,4993,181
遑,4994,181
颢,4995,181
腱,4996,180
襁,4997,180
忾,4998,179
濠,4999,179
牝,5000,179
蛄,5001,179
鲆,5002,179
嗄,5003,178
灏,5004,178
疥,5005,177
苜,5006,177
荞,5007,177
嘣,5008,177
夤,5009,177
砝,5010,177
颞,5011,177
忤,5012,176
遢,5013,176
旎,5014,176
瘛,5015,176
魉,5016,176
辇,5017,176
瓤,5018,175
荥,5019,175
涫,5020,175
娌,5021,175
氚,5022,175
臁,5023,175
毂,5024,175
碇,5025,175
毖,5026,174
壅,5027,174
吡,5028,174
缛,5029,174
玮,5030,174
羟,5031,174
珈,5032,173
颀,5033,173
虼,5034,173
祇,5035,172
佝,5036,172
翕,5037,172
遴,5038,172
珏,5039,172
郛,5040,172
玖,5041,171
蹇,5042,171
逋,5043,171
氅,5044,171
粽,5045,171
诂,5046,171
岢,5047,170
聒,5048,170
髁,5049,170
黍,5050,169
芾,5051,169
淝,5052,169
鲎,5053,169
鞣,5054,169
髋,5055,169
闳,5056,169
潆,5057,169
汨,5058,168
胍,5059,168
阏,5060,167
钤,5061,167
鹜,5062,167
鬈,5063,167
铵,5064,167
戬,5065,167
崮,5066,166
枰,5067,166
樯,5068,166
脍,5069,166
畲,5070,166
衾,5071,166
蹼,5072,166
劬,5073,165
咭,5074,165
囫,5075,165
洱,5076,165
刎,5077,164
芏,5078,164
琊,5079,164
碚,5080,164
鳕,5081,164
谪,5082,163
芎,5083,163
恂,5084,163
槿,5085,163
鲢,5086,163
鲧,5087,163
嘧,5088,163
绀,5089,163
郦,5090,162
噱,5091,162
浠,5092,162
潸,5093,162
跏,5094,162
鲶,5095,162
矍,5096,161
苌,5097,161
抻,5098,161
琰,5099,161
鹚,5100,161
龆,5101,161
臬,5102,161
芄,5103,160
呔,5104,160
雒,5105,160
觞,5106,160
钒,5107,159
饫,5108,159
阒,5109,159
槎,5110,159
鸩,5111,159
舂,5112,159
谠,5113,158
阡,5114,158
莒,5115,158
萸,5116,158
妗,5117,158
稔,5118,158
穰,5119,158
蚧,5120,158
餍,5121,158
谯,5122,157
芗,5123,157
菸,5124,157
葩,5125,157
踔,5126,157
厣,5127,156
佻,5128,156
嘌,5129,156
饩,5130,156
钏,5131,156
蠓,5132,156
黩,5133,156
倨,5134,156
缬,5135,155
殚,5136,155
钿,5137,155
鎏,5138,155
恁,5139,155
藿,5140,155
囟,5141,154
鄣,5142,154
呋,5143,154
婺,5144,154
绱,5145,154
瓯,5146,154
旃,5147,154
锶,5148,154
酩,5149,154
恹,5150,153
逶,5151,153
缦,5152,153
鸹,5153,153
螟,5154,152
菟,5155,152
阗,5156,152
濉,5157,152
篑,5158,152
醪,5159,152
鲛,5160,152
讦,5161,152
媪,5162,152
邬,5163,152
殇,5164,152
鄯,5165,151
芡,5166,151
嫠,5167,151
肼,5168,151
峤,5169,151
矽,5170,150
讧,5171,150
掼,5172,150
焖,5173,150
愆,5174,150
聩,5175,150
岘,5176,150
靛,5177,149
菖,5178,149
卟,5179,149
姒,5180,149
杷,5181,149
砉,5182,149
袢,5183,149
蚋,5184,149
笳,5185,149
挈,5186,149
踽,5187,148
黾,5188,148
侩,5189,147
凫,5190,147
诔,5191,147
郯,5192,147
韪,5193,147
挲,5194,147
笪,5195,147
鼋,5196,147
莜,5197,147
菅,5198,146
嵊,5199,146
裢,5200,146
趿,5201,146
箸,5202,146
莴,5203,145
莠,5204,145
阌,5205,145
旯,5206,145
圜,5207,145
涪,5208,145
赍,5209,145
柞,5210,144
嗍,5211,144
囵,5212,144
榧,5213,144
裰,5214,144
笾,5215,144
簟,5216,144
跎,5217,144
巽,5218,144
曷,5219,144
逖,5220,143
骓,5221,143
绔,5222,143
枋,5223,143
镒,5224,143
魃,5225,143
餮,5226,143
讵,5227,143
乜,5228,142
鄢,5229,142
瑭,5230,142
踅,5231,142
馓,5232,141
蟛,5233,141
鳟,5234,141
荛,5235,141
忪,5236,140
阍,5237,140
姹,5238,140
纰,5239,140
桉,5240,140
氪,5241,140
氘,5242,140
垅,5243,139
郃,5244,139
汊,5245,139
娉,5246,139
纡,5247,139
缟,5248,139
旮,5249,139
镢,5250,139
傈,5251,139
堋,5252,138
蔺,5253,138
庥,5254,138
枥,5255,138
腭,5256,138
鹕,5257,138
笮,5258,138
髂,5259,138
魍,5260,138
缁,5261,138
槊,5262,138
跞,5263,138
醚,5264,137
吒,5265,137
枳,5266,137
搿,5267,137
鹧,5268,137
蜍,5269,137
舻,5270,137
鏊,5271,137
禳,5272,137
蒺,5273,136
钹,5274,136
蜢,5275,136
鬻,5276,136
珩,5277,136
卮,5278,135
垭,5279,135
苄,5280,135
苕,5281,135
菀,5282,135
骠,5283,135
袷,5284,135
跹,5285,135
瘘,5286,135
磬,5287,134
缶,5288,134
笸,5289,134
鸷,5290,134
芰,5291,133
蕲,5292,133
阆,5293,133
纨,5294,133
琮,5295,133
牦,5296,133
砩,5297,133
蠲,5298,133
锒,5299,133
锕,5300,133
郓,5301,133
妯,5302,132
驷,5303,132
鹩,5304,132
舢,5305,132
趸,5306,132
芫,5307,131
嗉,5308,131
蠊,5309,131
笊,5310,131
莸,5311,130
饴,5312,130
阃,5313,130
浯,5314,130
枇,5315,130
焱,5316,130
铆,5317,129
擤,5318,129
柢,5319,129
醢,5320,129
呲,5321,128
崾,5322,128
溆,5323,128
潴,5324,128
牖,5325,128
硪,5326,128
碓,5327,128
鹆,5328,128
鬣,5329,128
堀,5330,128
帙,5331,128
雱,5332,128
诎,5333,127
獐,5334,127
桁,5335,127
蛱,5336,127
鳏,5337,127
郴,5338,127
幂,5339,127
箝,5340,127
僳,5341,127
疝,5342,127
茴,5343,126
揶,5344,126
呦,5345,126
嗌,5346,126
囹,5347,126
螈,5348,126
脲,5349,126
镊,5350,125
锑,5351,125
胨,5352,125
膈,5353,125
痼,5354,125
鳊,5355,125
赅,5356,125
贽,5357,125
苤,5358,124
峄,5359,124
桡,5360,124
雎,5361,124
鲋,5362,124
鞫,5363,124
鼬,5364,124
獯,5365,123
昀,5366,123
痍,5367,123
蟊,5368,123
鞴,5369,123
疖,5370,123
熘,5371,123
乇,5372,122
羸,5373,122
嵴,5374,122
栀,5375,122
槲,5376,122
炝,5377,122
炷,5378,122
硐,5379,122
锸,5380,122
鹂,5381,122
裾,5382,122
侪,5383,122
珐,5384,121
哔,5385,121
屙,5386,121
旆,5387,121
佰,5388,121
僦,5389,121
牯,5390,121
钪,5391,121
掾,5392,121
仟,5393,120
圮,5394,120
芟,5395,120
崃,5396,120
廪,5397,120
擘,5398,120
笱,5399,120
跗,5400,120
鲅,5401,120
硷,5402,119
苎,5403,119
匏,5404,119
嗾,5405,119
圄,5406,119
彀,5407,119
粳,5408,118
卣,5409,118
勐,5410,118
掴,5411,118
涑,5412,118
浞,5413,118
玳,5414,118
愍,5415,118
畛,5416,118
赧,5417,118
貉,5418,117
擀,5419,117
湫,5420,117
逦,5421,117
椴,5422,117
铄,5423,117
箧,5424,117
刖,5425,117
鲮,5426,117
訇,5427,116
茱,5428,116
啖,5429,116
悭,5430,116
愀,5431,116
朐,5432,116
畈,5433,116
鹨,5434,116
蛘,5435,116
佶,5436,115
缃,5437,115
晟,5438,115
鲱,5439,115
凼,5440,115
苴,5441,115
颛,5442,115
厍,5443,114
徉,5444,114
洙,5445,114
氡,5446,114
胗,5447,114
癯,5448,114
鞒,5449,114
锆,5450,114
佤,5451,114
勰,5452,113
钺,5453,113
繇,5454,113
螭,5455,113
嵬,5456,112
轸,5457,112
肟,5458,112
肫,5459,112
邨,5460,112
瘿,5461,112
仞,5462,111
奁,5463,111
宄,5464,111
轳,5465,111
熳,5466,111
睇,5467,111
钼,5468,111
蝼,5469,111
跆,5470,111
樗,5471,111
鲰,5472,111
诶,5473,110
薜,5474,110
铧,5475,110
裥,5476,110
榇,5477,110
馃,5478,110
蹚,5479,109
怄,5480,109
寤,5481,109
缗,5482,109
硗,5483,109
碡,5484,109
矬,5485,109
鸱,5486,109
虺,5487,109
糅,5488,109
雠,5489,109
帑,5490,109
镧,5491,109
埙,5492,108
啁,5493,108
悒,5494,108
犍,5495,108
硌,5496,108
锩,5497,108
虿,5498,108
蛑,5499,108
艉,5500,108
咴,5501,107
筮,5502,107
艏,5503,107
糁,5504,107
鼍,5505,107
肄,5506,107
籴,5507,106
骜,5508,106
砻,5509,106
蜮,5510,106
龀,5511,106
黢,5512,106
劢,5513,106
耪,5514,105
鬯,5515,105
畚,5516,105
觳,5517,105
稞,5518,105
鹁,5519,105
鲲,5520,105
捌,5521,104
菔,5522,104
獬,5523,104
柘,5524,104
娆,5525,104
篪,5526,104
鲀,5527,104
谰,5528,103
孬,5529,103
伥,5530,103
谇,5531,103
鄄,5532,103
狎,5533,103
闫,5534,103
滟,5535,103
齑,5536,103
遒,5537,103
磔,5538,103
聃,5539,103
綦,5540,103
鲡,5541,103
蔻,5542,102
泠,5543,102
砗,5544,102
钕,5545,102
镫,5546,102
菹,5547,101
胂,5548,101
煅,5549,101
煸,5550,101
螯,5551,101
躅,5552,101
鲠,5553,101
佥,5554,101
罘,5555,101
嶝,5556,101
坨,5557,100
菽,5558,100
哞,5559,100
徜,5560,100
慊,5561,100
洳,5562,100
渑,5563,100
灞,5564,100
盍,5565,100
钋,5566,100
鸫,5567,100
踯,5568,100
縻,5569,100
萘,5570,100
褫,5571,100
羰,5572,100
俅,5573,99
芤,5574,99
隳,5575,99
洮,5576,99
胼,5577,99
罴,5578,99
镛,5579,99
怛,5580,99
芊,5581,98
啉,5582,98
噌,5583,98
嫱,5584,98
绲,5585,98
膻,5586,98
焐,5587,98
葎,5588,97
亓,5589,97
倮,5590,97
莼,5591,97
蘅,5592,97
嘞,5593,97
缒,5594,97
镆,5595,97
伧,5596,96
荏,5597,96
唳,5598,96
檩,5599,96
鸶,5600,96
蚬,5601,96
骱,5602,96
蘖,5603,96
澍,5604,96
韫,5605,96
颎,5606,96
嘏,5607,95
垡,5608,95
腚,5609,95
焯,5610,95
怙,5611,95
羧,5612,95
鼙,5613,95
倥,5614,94
亳,5615,94
艽,5616,94
荠,5617,94
昴,5618,94
舨,5619,94
魈,5620,94
醣,5621,94
枵,5622,94
粜,5623,94
甙,5624,93
珲,5625,93
杓,5626,93
楸,5627,93
楦,5628,93
疃,5629,93
蛏,5630,93
蠛,5631,93
髌,5632,93
茔,5633,93
诼,5634,92
嬖,5635,92
蜣,5636,92
笄,5637,92
跣,5638,92
钣,5639,92
戆,5640,91
蜉,5641,91
喾,5642,91
铍,5643,91
陉,5644,90
薹,5645,90
肷,5646,90
岵,5647,90
瓴,5648,90
荽,5649,89
怫,5650,89
钭,5651,89
窀,5652,89
缯,5653,89
倬,5654,88
摭,5655,88
帔,5656,88
楝,5657,88
痱,5658,88
蚶,5659,88
螬,5660,88
髑,5661,88
鼗,5662,87
狷,5663,87
殛,5664,87
裉,5665,87
粝,5666,87
萋,5667,87
葭,5668,87
衽,5669,87
鳢,5670,87
傧,5671,86
喁,5672,86
嫘,5673,86
罟,5674,86
钌,5675,86
裼,5676,86
愦,5677,86
蝽,5678,86
锗,5679,85
衿,5680,85
粢,5681,85
醵,5682,85
跫,5683,85
鐾,5684,85
廛,5685,85
墉,5686,85
哌,5687,85
扦,5688,84
堇,5689,84
婧,5690,84
暌,5691,84
罱,5692,84
镞,5693,84
蹰,5694,84
陟,5695,84
鳔,5696,84
脘,5697,84
岿,5698,83
侔,5699,83
郾,5700,83
唿,5701,83
砹,5702,83
疴,5703,83
麸,5704,83
薨,5705,83
滁,5706,82
偾,5707,82
拊,5708,82
撺,5709,82
呒,5710,82
狯,5711,82
猢,5712,82
椁,5713,82
榱,5714,82
罾,5715,82
铳,5716,82
裎,5717,82
鳚,5718,82
眦,5719,82
璎,5720,82
崞,5721,81
缇,5722,81
蝣,5723,81
萑,5724,80
狲,5725,80
缱,5726,80
晷,5727,80
冼,5728,80
痧,5729,80
蕖,5730,79
狍,5731,79
憷,5732,79
锛,5733,79
窨,5734,79
袼,5735,79
帏,5736,79
儋,5737,79
绨,5738,79
疠,5739,79
蘩,5740,78
嵝,5741,78
庀,5742,78
汜,5743,78
炅,5744,78
煳,5745,78
泶,5746,78
瓠,5747,78
窳,5748,78
虮,5749,78
蚰,5750,78
邰,5751,78
苊,5752,77
砀,5753,77
捩,5754,77
蹉,5755,77
莪,5756,77
螽,5757,77
蘼,5758,76
槔,5759,76
曛,5760,76
蛲,5761,76
鹾,5762,76
隹,5763,76
犸,5764,76
衄,5765,76
銎,5766,75
泫,5767,75
玢,5768,75
辊,5769,75
瞋,5770,75
墀,5771,75
酐,5772,75
堞,5773,74
尥,5774,74
嚯,5775,74
猗,5776,74
逑,5777,74
逯,5778,74
硖,5779,74
噻,5780,74
嵛,5781,74
畀,5782,74
鲃,5783,74
偬,5784,73
鄞,5785,73
呖,5786,73
溧,5787,73
嬲,5788,73
肭,5789,73
鹈,5790,73
鹱,5791,73
窭,5792,73
黧,5793,73
谵,5794,73
沆,5795,73
嫒,5796,73
塬,5797,73
缣,5798,73
篯,5799,73
酃,5800,72
喱,5801,72
泔,5802,72
溘,5803,72
迕,5804,72
肀,5805,72
秫,5806,72
裣,5807,72
铋,5808,72
蒌,5809,72
曩,5810,72
赀,5811,72
箪,5812,72
朊,5813,72
鳙,5814,72
仫,5815,72
钎,5816,71
芑,5817,71
胙,5818,71
盱,5819,71
糇,5820,71
挹,5821,71
捭,5822,71
悱,5823,71
鬟,5824,71
崤,5825,70
澶,5826,70
甾,5827,70
欹,5828,70
瞽,5829,70
钇,5830,70
鹪,5831,70
鞔,5832,70
缡,5833,70
铯,5834,70
鲚,5835,70
嘬,5836,69
庹,5837,69
渖,5838,69
湔,5839,69
玎,5840,69
锜,5841,69
锊,5842,69
舾,5843,69
籼,5844,69
阊,5845,69
祕,5846,69
猊,5847,69
燹,5848,69
葑,5849,68
蓼,5850,68
幛,5851,68
岣,5852,68
浼,5853,68
甯,5854,68
瑷,5855,68
敫,5856,68
钔,5857,68
钫,5858,68
锼,5859,68
锿,5860,68
癔,5861,68
穸,5862,68
褊,5863,68
蚍,5864,68
篦,5865,68
麇,5866,68
樘,5867,68
钯,5868,68
铒,5869,68
莩,5870,67
嵯,5871,67
逭,5872,67
遄,5873,67
戗,5874,67
睃,5875,67
瀣,5876,67
皴,5877,67
泮,5878,67
轫,5879,67
褰,5880,66
炱,5881,66
醍,5882,66
锱,5883,66
篁,5884,66
葚,5885,66
驽,5886,65
辚,5887,65
睥,5888,65
鸺,5889,65
筇,5890,65
戥,5891,65
髀,5892,65
驺,5893,65
哙,5894,64
濞,5895,64
逄,5896,64
桤,5897,64
炻,5898,64
磙,5899,64
疳,5900,64
醭,5901,64
鳇,5902,64
鹮,5903,64
迓,5904,64
眇,5905,64
楮,5906,64
砜,5907,64
菘,5908,63
馇,5909,63
栌,5910,63
醐,5911,63
唢,5912,63
獍,5913,63
殳,5914,63
仡,5915,63
刿,5916,62
葜,5917,62
薅,5918,62
湓,5919,62
搴,5920,62
尕,5921,62
磴,5922,62
锝,5923,62
镅,5924,62
艚,5925,62
殄,5926,62
暝,5927,62
祢,5928,62
豉,5929,62
垴,5930,62
瓿,5931,61
煺,5932,61
蟥,5933,61
蹀,5934,61
黼,5935,61
氙,5936,61
铑,5937,61
蒡,5938,60
杪,5939,60
肜,5940,60
膂,5941,60
砬,5942,60
硭,5943,60
酽,5944,60
踟,5945,60
鲷,5946,60
蒴,5947,60
藁,5948,59
猡,5949,59
旒,5950,59
硇,5951,59
锍,5952,59
鞲,5953,59
哿,5954,59
皤,5955,59
哏,5956,59
殍,5957,59
漯,5958,59
谂,5959,58
跶,5960,58
橥,5961,58
镬,5962,58
鸲,5963,58
姝,5964,58
茭,5965,58
窆,5966,58
髟,5967,58
畋,5968,58
溏,5969,58
鲔,5970,58
喹,5971,58
吣,5972,57
羼,5973,57
缧,5974,57
窬,5975,57
骘,5976,57
赉,5977,57
镓,5978,57
邳,5979,56
璩,5980,56
鸸,5981,56
涠,5982,56
溲,5983,56
孥,5984,56
敉,5985,56
筌,5986,56
垓,5987,55
苒,5988,55
荸,5989,55
甓,5990,55
锪,5991,55
镄,5992,55
脔,5993,55
艟,5994,55
眬,5995,54
彘,5996,54
檠,5997,54
胩,5998,54
旄,5999,54
祆,6000,54
